area_type,location,Society,size,Baths,total_sqft,price,availability,,
Super Built-up Area,Bavdhan,Satyam Shrey,2 bhk,2,640,55.96,Under construction,,
Built-up Area,Sus,Kiran Sanskriti,2 bhk,2,690-720 ,45.00,Under construction,,
Built-up Area,Tathawade,Vivanta,2 bhk,2,688-693 ,60.00,Under construction,,
Super Built-up Area,Koregaon Park,Sunit Anant,3 bhk,3,1659,210.00,Ready to move,,
Built-up Area,Sinhgad Road,Nanded city,3 bhk,3,1450,78.00,Ready to move,,
Super Built-up Area,Koregaon Park,New Akshaya,2 bhk,2,1300,100.00,Ready to move,,
Super Built-up Area,Bibwewadi,Sukhsagar Nagar,2 bhk,2,850-950 ,50.00,Ready to move,,
Super Built-up Area,Koregaon Park,Tulip ,2 bhk,2,1080,95.00,Ready to move,,
Built-up Area,Dhankawadi,Ganga Altus,3 bhk,3,850-950 ,87.50,Under construction,,
Built-up Area,Dhankawadi,Ganga Altus,2 bhk,2,650-750 ,67.50,Under construction,,
Built-up Area,Hinjewadi,Rohan Ipsita,2 bhk,2,645-716 ,59.43,Under construction,,
Built-up Area,Hinjewadi,Rohan Ipsita,1 bhk,1,346-384 ,37.00,Under construction,,
Plot Area,Moshi,Kasturi,2 bhk,2,627-628 ,72.00,Under construction,,
Super Built-up Area,Baner,Rachana,2 bhk,2,573-606 ,69.00,Under construction,,
Built-up Area,Katraj,Laxmi Golden Palm,2 bhk,2,850,55.00,Ready to move,,
Built-up Area,Katraj,DNK Business Bay,1 bhk,1,660,41.50,Ready to move,,
Super Built-up Area,Bibwewadi,,1 bhk,1,500,45.60,Ready to move,,
Built-up Area,Kanchan Nagari,Mnik Moti Complex,3 bhk,2,1140,70.00,Ready to move,,
Built-up Area,Katraj,,2 bhk,2,1020,70.00,Ready to move,,
Super Built-up Area,Katraj,KNN Yashashree,2 bhk,2,905,65.00,Ready to move,,
Plot Area,Mangdewadi,,3 bhk,3,1800,99.00,Ready to move,,
Super Built-up Area,Bibwewadi,Laketown,2 bhk,2,1050,102.00,Ready to move,,
Super Built-up Area,Katraj,Wondercity,4 bhk,4,2100,164.00,Ready to move,,
Plot Area,Vighnaharta Nagar,Kulshree,1 bhk,1,607,35.00,Ready to move,,
Plot Area,Katraj,Hemant kamala city,1 bhk,1,605,45.00,Ready to Move,,
Built-up Area,Katraj,,4 bhk,4,1620,150.00,Ready to move,,
Super Built-up Area,Katraj,,5 bhk,6,6000,305.00,On Sale,,
Super Built-up Area,Katraj,Belvalkar Chaitranjan,1 bhk,1,680,37.00,Ready to move,,
Built-up Area,Bibwewadi,Pride Purple,2 bhk,2,865-1168 ,105.50,Under construction,,
,Bibwewadi,Mahesh Society,1 RK,1,350,25.00,Ready to move,,
Super Built-up Area,Katraj,Shri Sadguru,2 bhk,2,970,60.00,Ready to move,,
Built-up Area,Samarth Nagar,Anand Heritage,1 bhk,1,750,35.00,Ready to move,,
Built-up Area,Katraj,,2 bhk,2,1200,67.30,Ready to move,,
Super Built-up Area,Katraj,Sawant Vihar,1 bhk,1,450,30.00,Ready to move,,
Built-up Area,Katraj,,2 bhk,2,850,21.50,Ready to move,,
Super Built-up Area,Bibwewadi,Mahesh Society,1 bhk,1,550,38.00,Ready to move,,
Built-up Area,Bibwewadi,,2 bhk,1,635,50.00,Ready to move,,
Built-up Area,Bibwewadi,Suyog,2 bhk,2,915,65.00,Ready to move,,
Super Built-up Area,Bibwewadi,Chintamani,1 bhk,1,460,35.00,Ready to move,,
Built-up Area,Katraj,,1 bhk,1,750,37.00,Ready to move,,
Super Built-up Area,Katraj,Shalini,1 bhk,1,608,40.00,Ready to move,,
Super Built-up Area,Katraj,,2 bhk,2,1000,35.00,Ready to move,,
Super Built-up Area,Bibwewadi,,2 bhk,2,1300,78.00,Ready to move,,
Super Built-up Area,Padmavati,Panchavati ,2 bhk,2,1050,110.00,Ready to move,,
Super Built-up Area,Bibwewadi,Mahesh Society,1 bhk,1,580,38.99,Ready to move,,
Carpet Area,Bibwewadi,,3 bhk,3,1600,125.00,Ready to Move,,
Carpet Area,Bibwewadi,Green Acres,2 bhk,2,950,25.00,Ready to Move,,
Super Built-up Area,Bibwewadi,Ashtavinayak,1 bhk,1,530,43.00,Ready to Move,,
Super Built-up Area,Bibwewadi,Vimal Vihar,1 bhk,1,525,51.00,Ready to Move,,
Built-up Area,Bibwewadi,Guru Krupa,1 RK,1,400,21.00,Ready to Move,,
Built-up Area,Bibwewadi,Concrete Sunshine,2 bhk,2,820,90.00,Ready to Move,,
Super Built-up Area,Shivraj Nagar,,2 bhk,2,1020,77.00,Ready to Move,,
Built-up Area,Bibwewadi,Padmaja park,2 bhk,2,1109,80.00,Ready to Move,,
Super Built-up Area,Bibwewadi,Gandhar,1 bhk,1,570,55.00,Ready to Move,,
Super Built-up Area,Bibwewadi,Gagan Galaxy,2 bhk,2,975,151.00,Ready to Move,,
Built-up area,Bibwewadi,Mahesh Society,1 bhk,1,525,47.00,Ready to Move,,
Built-up area,Bibwewadi,Mahesh Society,2 bhk,2,1200,90.00,Ready to Move,,
Plot Area,Bibwewadi,Moraya,1 bhk,1,633,45.00,Ready to Move,,
Plot Area,Bibwewadi,jhala complex,1 bhk,1,500,65.00,Ready to Move,,
Built-up Area,Bibwewadi,,4 bhk,3,2500,375.00,On Sale,,
Super Built-up Area,Bibwewadi,Sant eknath,4 bhk,3,2600,350.00,On Sale,,
Super Built-up Area,Dhankawadi,Hill View Park,1 bhk,1,625,45.53,Ready to move,,
Super Built-up Area,Mohan Nagar,Kumar Pinakin,2 bhk,2,1170,80.00,Ready to move,,
Super Built-up Area,Dhankawadi,Samarth Sunako,2 bhk,2,850,47.00,Ready to move,,
Built-up Area,Dhankawadi,Ganga Ishanya,3 bhk,3,2269,184.00,Under construction,,
Super Built-up Area,Dhankawadi,Ganga Ishanya,4 bhk,4,2639,211.00,Under construction,,
Built-up Area,Dhankawadi,omkar park,1 bhk,1,620,40.00,Ready to move,,
Super Built-up Area,Dhankawadi,Vidyadhan,1 bhk,1,667,40.00,Under construction,,
Plot Area,Dhankawadi,Raut Baug,1 bhk,1,640,40.00,Ready to move,,
Built-up Area,Dhankawadi,Suyog,1 bhk,1,900,45.00,Ready to move,,
Super Built-up Area,Dhankawadi,,2 bhk,2,2710,250.00,Ready to move,,
Built-up Area,Dhankawadi,Jairaj padmavati,2 bhk,2,1090,85.00,Ready to move,,
Super Built-up Area,Dhankawadi,Sharada,1 bhk,1,601,30.00,Ready to move,,
Built-up Area,Dhankawadi,Sai heights,1 RK,1,380,14.00,Ready to move,,
Super Built-up Area,Dhankawadi,Ace ,1 bhk,1,930,80.00,Ready to move,,
Plot Area,Dhankawadi,Kale Vidyadhan,1 bhk,1,715,34.00,Ready to move,,
Carpet Area,Dhankawadi,Balaji Darshan,1 bhk,1,420,18.00,Ready to move,,
Built-up Area,Dhankawadi,balaji Nagar,4 bhk,4,2400,250.00,On Sale,,
Built-up Area,Dhankawadi,Chetan Park,1 bhk,1,494,27.00,Ready to move,,
Built-up Area,Dhankawadi,balaji Nagar,1 bhk,2,550,25.00,Ready to move,,
Super Built-up Area,Dhankawadi,Ganesh Chaitanya,1 bhk,1,625,25.00,Ready to move,,
Super Built-up Area,Dhankawadi,Rajlaxmi apt,1 bhk,2,860,35.00,Ready to move,,
Plot Area,Dhankawadi,Sai palace,1 bhk,1,600,24.00,Ready to move,,
Super Built-up Area,Dhankawadi,Fossil Fiesta,2 bhk,2,1250,105.00,Under construction,,
Super Built-up Area,Koregaon Park,Florida estate,4 bhk,5,9440,800.00,Ready to move,,
Super Built-up Area,Koregaon Park,Satellite,3 bhk,3,1270,133.00,Under construction,,
Super Built-up Area,Koregaon Park,Kolte Patil,4 bhk,4,2600,285.00,Under construction,,
Super Built-up Area,Meera nagar,Marvel exotica,3 bhk,3,1610,190.00,Ready to move,,
Super Built-up Area,Dhankawadi,Ganga Ishanya,3 bhk,3,2269,184.00,Under construction,,
Built-up Area,Meera nagar,Clover dale,3 bhk,3,1300,151.00,Under construction,,
Super Built-up Area,Koregaon Park,Marvel Aurum,4 bhk,5,5500,800.00,Ready to move,,
Super Built-up Area,Koregaon Park,Darode jog,3 bhk,3,2000,250.00,Under construction,,
Super Built-up Area,Koregaon Park,Sellandd,3 bhk,3,2300,275.00,Under construction,,
Super Built-up Area,Koregaon Park,Swan lake,2 bhk,2,1185,110.00,Ready to move,,
Super Built-up Area,Koregaon Park,Clover Acropolis,2 bhk,2,1450,160.00,Ready to move,,
Super Built-up Area,Koregaon Park,Suyojana,10 bhk,10,10000,1800.00,Ready to move,,
Super Built-up Area,Koregaon Park,Sukhwani Park,2 bhk,2,850,73.00,Ready to move,,
Super Built-up Area,Koregaon Park,Tulip,3 bhk,2,1180,95.00,Ready to move,,
Plot Area,Koregaon Park,Rakshalekha,1 bhk,1,400,40.00,Ready to move,,
Plot Area,Hadapsar,Amanora Aspire,6 bhk,7,5500,600.00,Ready to move,,
Plot Area,Manjri,,7 bhk,7,1100,110.00,Under construction,,
Built-up Area,Vitthal nagar,,5 bhk,3,1000,110.00,Ready to move,,
Built-up Area,Hadapsar,,5 bhk,3,1079,61.00,Ready to move,,
Super Built-up Area,Hadapsar,,5 bhk,5,1000,72.00,Under construction,,
Built-up Area,Hadapsar,Kumar picasso,5 bhk,5,3000,360.00,Under construction,,
Plot Area,Hadapsar,Ganraj colony,5 bhk,6,1500,450.00,Ready to move,,
Super Built-up Area,Hadapsar,St Patricks town,6 bhk,4,6280,400.00,Ready to move,,
Built-up Area,Hadapsar,,5 bhk,3,1000,70.00,Ready to move,,
Super Built-up Area,Amanora town,Gateway Towers,2 bhk,2,1054,156.00,Ready to move,,
Built-up Area,Kondhwa,Kohinoor Reina,2 bhk,2,715,69.50,Under construction,,
Super Built-up Area,Shivaji Nagar,Eastwoods,1 bhk,1,504,61.50,Under construction,,
Super Built-up Area,Dhankawadi,Nyati,3 bhk,3,1180,124.00,Under construction,,
Super Built-up Area,Bavdhan,Kolte Patil,4 bhk,4,1743.75,180.00,Under construction,,
Super Built-up Area,Sus,Sukhwani Park,2 bhk,2,661,46.70,Under construction,,
Built-up Area,Dhankawadi,Chaitanya Nagar,1 bhk,1,305,18.00,Ready to move,,
Built-up Area,Amanora town,Gateway Towers,3 bhk,3,1431.6,204.00,Ready to move,,
Built-up Area,Hadapsar,Belleza,2 bhk,2,757,68.60,Under construction,,
Built-up Area,Hadapsar,Leisure Town,1 bhk,1,460,42.00,Under construction,,
Built-up Area,Hadapsar,Greenaria,2 bhk,2,680,60.00,Under construction,,
Super Built-up Area,Shivaji Nagar,Eastwoods,2 bhk,2,835,94.60,Under construction,,
Built-up Area,Sinhgad Road,Venkatesh,2 bhk,2,926,128.00,Under construction,, 
Built-up Area,Sinhgad Road,Niman,3 bhk,3,914,76.50,Under construction,,
Super Built-up Area,Sinhgad Road,,2 bhk,2,700,105.00,Ready to move,,
Built-up Area,Sinhgad Road,,2 bhk,2,822,58.00,Ready to move,,
Super Built-up Area,Sinhgad Road,Monte Rosa,2 bhk,2,253,116.00,Under construction,,
Plot Area,Katraj,Khulshi,,,,12.00,,,
Built-up Area,Katraj,Lake Town,2 bhk,2,1060,95.00,Ready to move,,
Built-up Area,Katraj,Shivanjali,1 bhk,1,506,25.00,Ready to move,,
Super Built-up Area,Bibwewadi,Mudra,4 bhk,4,2000,425.00,Under construction,,
,Ambegaon,Nirman,1 bhk,1,500,36.60,Under construction,,
,Ambegaon,Nirman,2 bhk,2,750,50.60,Under construction,,
Super Built-up Area,Bibwewadi,Park Landmark ,2 bhk,2,820,112.00,Under construction,,
Built-up Area,Sinhgad Road,Paranjape,2 bhk,2,820,64.00,Ready to move,,
Super Built-up Area,Sinhgad Road,,1 bhk,1,720,60.50,Ready to move,,
Super Built-up Area,Sinhgad Road,Nanded city,2 bhk,2,700,53.00,Under construction,,
Built-up Area,Sinhgad Road,Unique Legacy,2 bhk,2,733,57.60,Under construction,,
Super Built-up Area,Sinhgad Road,Sarita Vaibhav,2 bhk,2,800,110.00,Ready to move,,
Built-up Area,Sinhgad Road,Sun Universe,2 bhk,2,900,82.00,Ready to move,,
Super Built-up Area,Sinhgad Road,,3 bhk,4,3065,260.00,Ready to move,,
Built-up Area,Sinhgad Road,Ajanta,1 bhk,1,470,29.00,Ready to move,,
Built-up Area,Sinhgad Road,,2 bhk,2,718,50.00,Ready to move,,
Built-up Area,Sinhgad Road,Rajyog Township,2 bhk,2,700,49.00,Ready to move,,
Built-up Area,Sinhgad Road,Crossover,3 bhk,3,900,67.00,Ready to move,,
Built-up Area,Sinhgad Road,Balark,2 bhk,2,750,68.00,Ready to move,,
Villa,Sinhgad Road,,3 bhk,4,2308,175.00,Ready to move,,
Built-up Area,Sinhgad Road,Cottage Close,2 bhk,2,810,70.00,Ready to move,,
Super Built-up Area,Sinhgad Road,Ecstasy,3 bhk,3,1106,73.00,Ready to Move,,
Built-up Area,Sinhgad Road,,1 bhk,1,455,16.00,Ready to Move,,
Built-up Area,Sinhgad Road,,3 bhk,3,810,75.00,Ready to Move,,
Built-up Area,Sinhgad Road,Homdale,1 bhk,1,450,26.60,Under construction,,
Super Built-up Area,Koregaon Park,Park Annexe,2 bhk,2,1000,105.00,Under construction,,
Super Built-up Area,Bavdhan,Kolte Patil,4 bhk,4,1175-1748,106.00,Under construction,,
Built-up Area,Wakad,Kasturi,4 bhk,4,1309-1431,250.00,Under construction,,
Built-up Area,Bibwewadi,Aditya Chintamani,2 bhk,2,905,80.00,Ready to Move,,
Super Built-up Area,Bibwewadi,State Bank nagar,2 bhk,2,750,105.00,Ready to Move,,
Super Built-up Area,Bibwewadi,Gagan Galaxy,2 bhk,2,975,151.00,Ready to Move,,
Built-up area,Bibwewadi,Ramyanagari,2 bhk,1,700,65.00,Ready to Move,,
Built-up area,Padmavati,Suvarnapushpa,2 bhk,2,1271,140.00,Ready to Move,,
Super Built-up Area,Bibwewadi,Padmaja park,2 bhk,2,1080,73.00,Ready to Move,,
Super Built-up Area,Bibwewadi,Mahesh Society,2 bhk,2,800,65.00,Ready to Move,,
Super Built-up Area,Bibwewadi,Mahesh Society,2 bhk,2,1200,90.00,Ready to move,,
Super Built-up Area,Padmavati,Padmavati apartment,2 bhk,2,1050,110.00,Ready to move,,
Super Built-up Area,Bibwewadi,Dream city,2 bhk,1,1010,60.00,Ready to move,,
Super Built-up Area,Bibwewadi,Suvarna Nagari,1 bhk,1,570,50.00,Ready to move,,
Built-up Area,Bibwewadi,Standalone,1 bhk,1,530,45.00,Ready to move,,
Super Built-up Area,Bibwewadi,Purple castle,1 bhk,1,540,50.00,Ready to move,,
Super Built-up Area,Bibwewadi,Audi Arcade,1 bhk,1,528,47.00,Ready to move,,
Super Built-up Area,Bibwewadi,Vimal Vihar,1 bhk,1,525,51.00,Ready to move,,
Super Built-up Area,Bibwewadi,Prestige Avenue,1 bhk,1,595,50.00,Ready to move,,
Built-up Area,Bibwewadi,Aboli Apartment,1 bhk,1,640,45.00,Ready to move,,
Built-up Area,Bibwewadi,Madhusudan Park,1 bhk,1,500,35.00,Ready to move,,
Built-up Area,Bibwewadi,Sadguru Park,1 bhk,1,670,34.00,Ready to move,,
Built-up Area,Bibwewadi,Moraya Majestic,1 bhk,1,608,41.20,Ready to move,,
Built-up Area,Bibwewadi,Morya Nagari,1 bhk,1,516,26.00,Ready to move,,
Built-up Area,Bibwewadi,Om abhishek,1 bhk,1,560,55.00,Ready to move,,
Built-up Area,Bibwewadi,Kumar Park,1 bhk,1,600,81.00,Ready to move,,
Built-up Area,Bibwewadi,Laxmi Narayan,1 bhk,1,385,16.50,Ready to move,,
Built-up Area,Bibwewadi,Kumar Park,1 bhk,1,580,50.00,Ready to move,,
Built-up Area,Bibwewadi,Rajyog Society,1 bhk,1,400,48.00,Ready to move,,
Built-up Area,Bibwewadi,Kumar Park,1 bhk,1,590,59.00,Ready to move,,
Built-up Area,Bibwewadi,Jairaj Lake Town,1 bhk,1,600,52.00,Ready to move,,
Built-up Area,Bibwewadi,Pokale vasti,1 bhk,1,550,35.00,Ready to move,,
Built-up Area,Bibwewadi,,1 bhk,1,276,18.00,Ready to move,,
Built-up Area,Bibwewadi,Jairaj Lake Town,1 bhk,1,602,51.00,Ready to move,,
Built-up Area,Bibwewadi,Pruthvi Residency,1 bhk,1,545,32.00,Ready to move,,
Built-up Area,Dhankawadi,,1 bhk,1,515,21.80,Ready to move,,
Built-up Area,Bibwewadi,Hillview Society,1 bhk,1,540,35.00,Ready to move,,
Built-up Area,Bibwewadi,Kumar Park,1 bhk,1,617,60.00,Ready to move,,
Built-up Area,Bibwewadi,Trimurthi Apartment,1 bhk,1,380,22.00,Ready to move,,
Built-up Area,Bibwewadi,Todkar Residency,1 bhk,1,780,50.00,Ready to move,,
Built-up Area,Katraj,Chintamani,1 bhk,1,550,30.00,Ready to move,,
Built-up Area,Dhankawadi,Sai heights,1 bhk,1,610,25.00,Ready to move,,
Built-up Area,Bibwewadi,Pooja Park,1 bhk,1,575,57.00,Ready to move,,
Built-up Area,Dhankawadi,Zambre Heights,1 bhk,1,648,52.00,Ready to move,,
Built-up Area,Bibwewadi,Bhagyanagari Society,1 bhk,1,500,35.00,Ready to move,,
Built-up Area,Dhankawadi,Nirmal Park,1 bhk,1,607,48.00,Ready to move,,
Built-up Area,Bibwewadi,Green Acres,1 bhk,1,560,36.00,Ready to move,,
Built-up Area,Bibwewadi,Sai Dham,1 bhk,1,550,36.00,Ready to move,,
Built-up Area,Dhankawadi,balaji Nagar,1 bhk,1,680,28.00,Ready to move,,
Built-up Area,Dhankawadi,Omkar Apartment,1 bhk,1,500,45.00,Ready to move,,
Built-up Area,Dhankawadi,Ganesh Garden,1 bhk,1,660,56.00,Ready to move,,
Super Built-up Area,Katraj,Laxmi Golden,2 bhk,2,850,55.00,Ready to move,,
Super Built-up Area,Katraj,KNK Yashashree,2 bhk,2,905,65.00,Ready to move,,
Super Built-up Area,Katraj,Wonder city,1 bhk,1,722,45.00,Ready to move,,
Super Built-up Area,Katraj,Annex,1 bhk,1,527,42.00,Ready to move,,
Super Built-up Area,Katraj,Anita Residency,1 bhk,1,580,35.00,Ready to move,,
Super Built-up Area,Katraj,Shree krupa Srushti,2 bhk,2,850,60.00,Ready to move,,
Super Built-up Area,Katraj,Neel Lochan,1 bhk,1,586,42.00,Ready to move,,
Super Built-up Area,Katraj,,1 bhk,1,750,37.00,Ready to move,,
Built-up Area,Katraj,Sai Dham,2 bhk,2,950,60.00,Ready to move,,
Built-up Area,Katraj,,2 bhk,2,1020,70.00,Ready to move,,
Super Built-up Area,Katraj,Parvati Residency,2 bhk,2,1055,72.80,Ready to move,,
Super Built-up Area,Katraj,DNK bay,1 bhk,1,660,41.50,Ready to move,,
Built-up Area,Katraj,Annexure,1 bhk,1,500,45.60,Ready to move,,
Built-up Area,Katraj,Swami Samarth,1 bhk,1,750,35.00,Ready to move,,
Super Built-up Area,Katraj,,2 bhk,2,1200,67.30,Ready to move,,
Built-up Area,Katraj,Hemant Kamala city,1 bhk,1,605,45.00,Ready to move,,
Super Built-up Area,Katraj,,2 bhk,2,974,60.00,Ready to move,,
Built-up Area,Katraj,Manik Moti,3 bhk,2,1140,72.00,Ready to move,,
Built-up Area,Katraj,,1 bhk,1,625,35.00,Ready to move,,
Super Built-up Area,Katraj,Laketown chs,2 bhk,2,1050,120.00,Ready to move,,
Plot Area,Katraj,,3,4,1500,20.00,Ready to move,,
Super Built-up Area,Katraj,Mitali Complex,2 bhk,2,878,57.00,Ready to move,,
Super Built-up Area,Katraj,Nilaya,2 bhk,2,1050,66.50,Ready to move,,
Built-up Area,Katraj,Shree Ganesh Vihar,1 rk,1,265,12.00,Under construction,,
Super Built-up Area,Katraj,Samruddhi Swapnashilp,2 bhk,2,820,46.00,Ready to move,,
Built-up Area,Katraj,Manik Moti,1 bhk,1,410,26.00,Ready to move,,
Super Built-up Area,Katraj,Ashok Agam,2 bhk,2,1151,70.00,Ready to move,,
Built-up Area,Katraj,Manik Moti,3 bhk,2,1140,72.00,Ready to move,,
Built-up Area,Katraj,Nayan Park,3 bhk,2,1100,62.00,Ready to move,,
Super Built-up Area,Bibwewadi,Gagan signet,3 bhk,3,1670,125.00,Under construction,,
Super Built-up Area,Katraj,Mangal gyan,3 bhk,3,1800,99.00,Ready to move,,
Super Built-up Area,Katraj,Manik Moti,3 bhk,2,1140,70.00,Ready to move,,
Super Built-up Area,Katraj,Wonder city,4 bhk,4,2100,164.00,Ready to move,,
Super Built-up Area,Katraj,Nancy Lake Homes,3 bhk,3,1164,117.00,Ready to move,,
Built-up Area,Hadapsar,Shapoorji annexe,1 bhk,1,430,37.50,Under construction,,
Built-up Area,Hadapsar,Wellwisher Kiarah,2 bhk,2,697,55.00,Under construction,,
Built-up Area,Hadapsar,Shapoorji annexe,2 bhk,2,619-726,55.00,Under construction,,
Built-up Area,Hadapsar,Tranquility,1 bhk,1,432-497,34.50,Under construction,,
Built-up Area,Hadapsar,Tranquility,2 bhk,2,658-694,52.60,Under construction,,
Built-up Area,Hadapsar,greenwoods,3 bhk,3,895-911,75.50,Ready to move,,
Built-up Area,Hadapsar,greenwoods,2 bhk,2,734-886,70.00,Ready to move,,
Built-up Area,Hadapsar,Unika,2 bhk,2,767-795,68.40,Under construction,,
Built-up Area,Hadapsar,Unika,3 bhk,4,1067,93.20,Under construction,,
Built-up Area,Hadapsar,Kumar Pebble Park,2 bhk,2,550-650,50.80,Ready to move,,
Super Built-up Area,Hadapsar,Kumar Prospera,2 bhk,2,678-864,115.00,Under construction,,
Super Built-up Area,Hadapsar,Kumar Prospera,3 bhk,3,1009-1242,150.00,Under construction,,
Built-up Area,Hadapsar,Shapoorji annexe,3 bhk,3,820,70.02,Under construction,,
Built-up Area,Hadapsar,ARV Royale,3 bhk,4,919,64.09,Under construction,,
Built-up Area,Karve Nagar,Parth Enclave,2 bhk,2,875-894,120.00,Under construction,,
Built-up Area,Karve Nagar,Shree Gardens,2 bhk,2,800,90.00,Ready to move,,
Super Built-up Area,Dhankawadi,Kumar Pinakin,2 bhk,2,1170,80.00,Ready to move,,
Built-up Area,Karve Nagar,SRK K52,4 bhk,4,2450,350.00,Ready to move,,
Built-up Area,Karve Nagar,,2 bhk,2,885,120.00,Ready to move,,
Built-up Area,Karve Nagar,,2 bhk,1,808,112.00,Ready to move,,
Built-up Area,Karve Nagar,GPC,2 bhk,1,730,95.00,Ready to move,,
Built-up Area,Karve Nagar,,2 bhk,1,640,75.00,Ready to move,,
Built-up Area,Dhankawadi,,1 bhk,1,625,39.99,Ready to move,,
Super Built-up Area,Karve Nagar,Mapple Towers,1 bhk,1,600,40.00,Ready to move,,
Super Built-up Area,Karve Nagar,Shitij,3 bhk,3,1610,195.00,Ready to move,,
Super Built-up Area,Karve Nagar,,2 bhk,2,1200,88.00,Ready to move,,
Super Built-up Area,Koregaon Park,Rahul Residency,2 bhk,2,1400,100.00,Ready to move,,
Plot Area,Karve Nagar,Basera hsg soc,4 bhk,3,1000,130.00,Ready to move,,
Built-up Area,Dhankawadi,Taljai,2 bhk,2,817,61.00,Ready to move,,
Super Built-up Area,Dhankawadi,Joyte park,1 bhk,1,400,16.00,Ready to move,,
Built-up Area,Dhankawadi,Gulab nagar,2 bhk,1,1120,54.00,Ready to move,,
Super Built-up Area,Dhankawadi,Suyog Society,1 bhk,1,900,45.00,Ready to move,,
Super Built-up Area,Dhankawadi,Gulab nagar,2 bhk,2,900,60.50,Ready to move,,
Built-up Area,Dhankawadi,Anjani Gaatha,1 bhk,1,634,29.00,Ready to move,,
Plot Area,Dhankawadi,Deep plaza,2 bhk,2,575,33.00,Ready to move,,
Super Built-up Area,Dhankawadi,Sai palace,1 bhk,1,600,24.00,Ready to move,,
Built-up Area,Dhankawadi,Siddhant,1 Rk,1,381,15.50,Ready to move,,
Built-up Area,Dhankawadi,Vastushodh,1 Rk,1,380,14.00,Ready to move,,
Super Built-up Area,Dhankawadi,Ace Meghsparsh,1 bhk,1,930,80.00,Ready to move,,
Super Built-up Area,Dhankawadi,Kumar pinakin,2 bhk,2,1062,90.00,Ready to move,,
Plot Area,Dhankawadi,Jagdish society,4 bhk,5,3500,199.00,Ready to move,,
Built-up Area,Dhankawadi,Om apartment,1 bhk,1,680,28.00,Ready to move,,
Super Built-up Area,Karve Nagar,AMA turf,2 bhk,2,1200,135.00,Ready to move,,
Plot Area,Dhankawadi,,2 bhk,2,1650,112.00,Ready to move,,
Super Built-up Area,Karve Nagar,,1 bhk,1,656,46.00,Ready to move,,
Super Built-up Area,Karve Nagar,Anjani Gaatha,1 bhk,1,612,25.00,Ready to move,,
Built-up Area,Karve Nagar,Sagar Residency,1 bhk,1,586,27.00,Ready to move,,
Super Built-up Area,Karve Nagar,Raviraj,2 bhk,2,998,62.00,Ready to move,,
Super Built-up Area,Karve Nagar,Om sai,1 bhk,1,530,19.00,Ready to move,,
Plot Area,Dhankawadi,Sagar Darshan,5 bhk,5,3800,170.00,Ready to move,,
Built-up Area,Dhankawadi,Neelkanth,1 bhk,1,400,18.00,Ready to move,,
Built-up Area,Dhankawadi,Sacha sauda ,2 bhk,1,582,21.50,Ready to move,,
Plot Area,Dhankawadi,,8 bhk,7,2100,225.00,Ready to move,,
Built-up Area,Karve Nagar,Sri Sairaj,1 bhk,1,450,38.00,Ready to move,,
Super Built-up Area,Dhankawadi,Shivshakti,1 bhk,1,380,15.00,Ready to move,,
Super Built-up Area,Karve Nagar,Oxy Vally,1 bhk,1,500,40.00,Ready to move,,
Super Built-up Area,Dhankawadi,Raut Baug,1  bhk,1,560,38.00,Ready to move,,
Super Built-up Area,Dhankawadi,Parth,2 bhk,1,585,45.00,Ready to move,,
Super Built-up Area,Dhankawadi,Ganesh Prabha,1 bhk,1,640,40.00,Ready to move,,
Built-up Area,Dhankawadi,Raut Baug,1 bhk,1,640,41.00,Ready to move,,
Built-up Area,Dhankawadi,Smruti,1 bhk,2,630,30.00,Ready to move,,
Built-up Area,Karve Nagar,Jyoti Park,2 bhk,2,610,45.00,Ready to move,,
Built-up Area,Dhankawadi,,1 bhk,1,520,21.00,Ready to move,,
Built-up Area,Karve Nagar,GPC,2 bhk,1,730,95.00,Ready to move,,
Built-up Area,Bibwewadi,Kohinoor,2 bhk,2,763,73.20,Under construction,,
Built-up Area,Bibwewadi,Sai shilp,3 bhk,3,1107,135.00,Under construction,,
Built-up Area,Bibwewadi,Lake Town,3 bhk,4,1300,110.00,Under construction,,
Built-up Area,Bibwewadi,Park Landmark,3 bhk,3,1115,131.00,Ready to move,,
Built-up Area,Bibwewadi,Park Landmark,2 bhk,2,857,105.00,Ready to move,,
Built-up Area,Bibwewadi,Celia,5 bhk,2,2000,260.00,Ready to move,,
Built-up Area,Bibwewadi,,2 bhk,3,965,95.00,Ready to move,,
Built-up Area,Bibwewadi,Park Landmark,3 bhk,3,1381,180.00,Ready to move,,
Super Built-up Area,Bibwewadi,SBI Nagar,1 bhk,1,560,42.00,Ready to move,,
Super Built-up Area,Bibwewadi,Kenjale Light house,3 bhk,3,1800,225.00,Ready to move,,
Super Built-up Area,Bibwewadi,Kohinoor,2 bhk,2,715,69.50,Under construction,,
Built-up Area,Bibwewadi,Padmavati,3 bhk,3,1042,102.00,Under construction,,
Built-up Area,Bibwewadi,Purple castle,2 bhk,2,900,89.00,Ready to move,,
Built-up Area,Bibwewadi,Park Landmark,3 bhk,3,1122,143.00,Under construction,,
Built-up Area,Bibwewadi,konark,2 bhk,2,1050,98.00,Ready to move,,
Built-up Area,Bibwewadi,,2 bhk,2,929,65.00,Ready to move,,
Super Built-up Area,Bibwewadi,Park Landmark,3 bhk,3,1349,145.00,Ready to move,,
Super Built-up Area,Bibwewadi,Padmavati,2 bhk,2,747,72.40,Under construction,,
Super Built-up Area,Bibwewadi,soba savera,3 bhk,3,1344,145.00,Ready to move,,
Super Built-up Area,Bibwewadi,Lake Town,3 bhk,3,1300,110.00,Ready to move,,
Super Built-up Area,Bibwewadi,Mahesh Society,2 bhk,2,920,80.00,Ready to move,,
Super Built-up Area,Bibwewadi,,3 bhk,2,900,120.00,Ready to move,,
Built-up Area,Bibwewadi,,2 bhk,2,900,95.00,Ready to move,,
Super Built-up Area,Bibwewadi,Sahakar nagar,4 bhk,4,1600,200.00,Ready to move,,
Super Built-up Area,Bibwewadi,Om abhishek,1 bhk,1,560,48.00,Ready to move,,
Super Built-up Area,Bibwewadi,Surana Rajyog,2 bhk,2,900,86.00,Ready to move,,
Built-up Area,Bibwewadi,Shrirang,2 bhk,2,817,56.00,Ready to move,,
Built-up Area,Bibwewadi,Park Landmark,3 bhk,3,1825,167.00,Ready to move,,
Super Built-up Area,Bibwewadi,Sahakar nagar,2 bhk,2,790,150.00,Ready to move,,
Built-up Area,Bibwewadi,Om abhishek,1 bhk,1,600,60.00,Ready to move,,
Built-up Area,Bibwewadi,,4 bhk,4,2200,249.00,Ready to move,,
Built-up Area,Bibwewadi,,1 bhk,1,380,20.00,Ready to move,,
Built-up Area,Bibwewadi,,3 bhk,3,1440,229.00,Ready to move,,
Super Built-up Area,Bibwewadi,Sai shilp,3 bhk,3,1107,135.00,Ready to move,,
Built-up Area,Bibwewadi,Peace,1 bhk,1,500,35.30,Ready to move,,
Built-up Area,Bibwewadi,Lake Town,3 bhk,4,1450,115.00,Ready to move,,
Super Built-up Area,Bibwewadi,Mahesh Society,3 bhk,3,1591,245.00,Ready to move,,
Built-up Area,Bibwewadi,Mandke,3 bhk,3,1200,117.00,Ready to move,,
Built-up Area,Bibwewadi,Majestic Towers,2 bhk,2,1050,85.00,Ready to move,,
Super Built-up Area,Bibwewadi,Mudra,4 bhk,4,1850,265.00,Ready to move,,
Built-up Area,Bibwewadi,Kumar Park,1 bhk,1,560,45.00,Ready to move,,
Super Built-up Area,Dhankawadi,Purvankara,2 bhk,2,1180,90.00,Ready to move,,
Built-up Area,Dhankawadi,Raut Baug,2 bhk,2,800,65.00,Ready to move,,
Built-up Area,Dhankawadi,,2 bhk,2,753,73.00,Under construction,,
Super Built-up Area,Dhankawadi,Ganga Ishanya,3 bhk,3,1650,200.00,Ready to move,,
Super Built-up Area,Dhankawadi,Ganga Ishanya,3 bhk,3,1042,112.00,Ready to move,,
Super Built-up Area,Dhankawadi,Ganga Ishanya,2 bhk,2,837,128.00,Ready to move,,
Super Built-up Area,Dhankawadi,Villa,4 bhk,5,2650,265.00,Ready to move,,
Built-up Area,Dhankawadi,,1 bhk,1,630,30.00,Ready to move,,
Built-up Area,Dhankawadi,,1 bhk,1,350,19.00,Ready to move,,
Super Built-up Area,Dhankawadi,Kohinoor,2 bhk,2,763,73.20,Under construction,,
Super Built-up Area,Dhankawadi,Villa,3 bhk,3,1500,130.00,Ready to move,,
Built-up Area,Dhankawadi,,1 bhk,1,470,28.00,Ready to move,,
Built-up Area,Dhankawadi,Hatti chowk,2 bhk,2,660,39.00,Ready to move,,
Built-up Area,Dhankawadi,Tanaji,1 bhk,1,325,19.00,Ready to move,,
Super Built-up Area,Dhankawadi,,6 bhk,6,4000,500.00,Ready to move,,
Built-up Area,Dhankawadi,kala nagar,8 bhk,7,3300,225.00,Ready to move,,
Built-up Area,Dhankawadi,Raut Baug,1 bhk,1,560,37.00,Ready to move,,
Super Built-up Area,Dhankawadi,Pride ,3 bhk,3,1170,155.00,Ready to move,,
Built-up Area,Dhankawadi,SRK Spring,2 bhk,2,800,70.00,Ready to move,,
Built-up  Area,Bibwewadi,,4 bhk,4,1600,80.00,Ready to move,,
Super built-up  Area,Bibwewadi,,5 bhk,5,1700,200.00,Ready to move,,
Super built-up  Area,Katraj,,2 bhk,2,1056,39.07,19-Dec,,
Plot  Area,Sinhgad Road,,4 bhk,5,2600,120.00,Ready To Move,,
Built-up  Area,Dhankawadi,,3 bhk,2,1440,62.00,Ready To Move,,
Super built-up  Area,Katraj,,3 bhk,3,1521,95.00,Ready To Move,,
Super built-up  Area,Koregaon Park,,2 bhk,2,1200,51.00,Ready To Move,,
Super built-up  Area,Sinhgad Road,,2 bhk,2,1170,38.00,Ready To Move,,
Super built-up  Area,Dhankawadi,,4 bhk,4,2732,204.00,18-May,,
Super built-up  Area,Koregaon Park,,4 bhk,4,3300,600.00,Ready To Move,,
Super built-up  Area,Dhankawadi,,3 bhk,3,1310,63.25,Ready To Move,,
Plot  Area,Dhankawadi,,6 bhk,6,1020,370.00,Ready To Move,,
Super built-up  Area,Sinhgad Road,,3 bhk,2,1800,70.00,18-Feb,,
Plot  Area,Sinhgad Road,,4 bhk,5,2785,295.00,Ready To Move,,
Super built-up  Area,Dhankawadi,,2 bhk,2,1000,38.00,Ready To Move,,
Built-up  Area,Bibwewadi,,2 bhk,2,1100,40.00,Ready To Move,,
Plot  Area,Dhankawadi,,3 bhk,3,2250,148.00,Ready To Move,,
Super built-up  Area,Dhankawadi,,2 bhk,2,1175,73.50,Ready To Move,,
Super built-up  Area,Dhankawadi,,3 bhk,3,1180,48.00,Ready To Move,,
Super built-up  Area,Bibwewadi,,3 bhk,3,1540,60.00,Ready To Move,,
Super built-up  Area,Dhankawadi,,3 bhk,4,2770,290.00,Ready To Move,,
Super built-up  Area,Dhankawadi,,2 bhk,2,1100,48.00,Ready To Move,,
Built-up  Area,Dhankawadi,,1 bhk,1,600,15.00,Ready To Move,,
Super built-up  Area,Dhankawadi,,3 bhk,3,1755,122.00,19-Dec,,
Plot  Area,Dhankawadi,,4 bhk,5,2800,380.00,Ready To Move,,
Super built-up  Area,Dhankawadi,,3 bhk,3,1767,103.00,Ready To Move,,
Super built-up  Area,Bibwewadi,,1 RK,1,510,25.25,18-Nov,,
Super built-up  Area,Bibwewadi,,3 bhk,3,1250,56.00,18-May,,
Super built-up  Area,Bibwewadi,,2 bhk,1,660,23.10,Ready To Move,,
Built-up  Area,Sinhgad Road,,3 bhk,3,1610,81.00,20-Dec,,
Super built-up  Area,Bibwewadi,,2 bhk,2,1151,48.77,17-Oct,,
Super built-up  Area,Bibwewadi,,3 bhk,2,1025,47.00,Ready To Move,,
Super built-up  Area,Bibwewadi,,4 bhk,4,2100 - 2850,186.00,19-Dec,,
Super built-up  Area,Dhankawadi,,3 bhk,2,1075,35.00,Ready To Move,,
Super built-up  Area,Dhankawadi,,3 bhk,2,1760,123.00,Ready To Move,,
Super built-up  Area,Bibwewadi,,3 bhk,3,1693,57.39,Ready To Move,,
Built-up  Area,Dhankawadi,,3 bhk,3,1925,125.00,Ready To Move,,
Super built-up  Area,Katraj,,2 bhk,2,700,36.00,21-Dec,,
Super built-up  Area,Koregaon Park,,2 bhk,2,1070,45.50,Ready To Move,,
Super built-up  Area,Kundalahalli,,3 bhk,3,1724,125.00,Ready To Move,,
Super built-up  Area,Dhankawadi,,3 bhk,2,1290,56.12,Ready To Move,,
Built-up  Area,Dhankawadi,,2 bhk,2,1143,45.00,Ready To Move,,
Built-up  Area,Katraj,,2 bhk,2,1296,81.00,Ready To Move,,
Super built-up  Area,Katraj,,3 bhk,3,1254,38.00,19-Dec,,
Super built-up  Area,Katraj,,1 bhk,1,600,38.00,Ready To Move,,
Plot  Area,Bibwewadi,,1 bhk,1,660,48.00,Ready To Move,,
Super built-up  Area,Katraj,,2 bhk,2,1330.74,91.79,19-Sep,,
Plot  Area,Katraj,,8 bhk,9,600,200.00,Ready To Move,,
Super built-up  Area,Katraj,,2 bhk,2,970,33.00,Ready To Move,,
Super built-up  Area,Sinhgad Road,,2 bhk,2,1459,94.82,20-Sep,,
Plot  Area,Sinhgad Road,,2 bhk,1,800,130.00,Ready To Move,,
Built-up  Area,Sinhgad Road,,2 bhk,2,869,36.00,Ready To Move,,
Super built-up  Area,Katraj,,2 bhk,2,1270,50.00,Ready To Move,,
Super built-up  Area,Katraj,,3 bhk,3,1670,99.00,18-Mar,,
Built-up  Area,Sinhgad Road,,3 bhk,3,2010,91.00,Ready To Move,,
Super built-up  Area,Katraj,,2 bhk,2,1185,75.00,Ready To Move,,
Super built-up  Area,Bibwewadi,,3 bhk,2,1600,75.00,Ready To Move,,
Super built-up  Area,Katraj,,2 bhk,2,1200,44.00,Ready To Move,,
Built-up  Area,Katraj,,4 bhk,,3010 - 3410,192.00,20-Feb,,
Super built-up  Area,Dhankawadi,,2 bhk,2,1500,185.00,Ready To Move,,
Plot  Area,Katraj,,6 bhk,4,1407,150.00,Ready To Move,,
Super built-up  Area,Dhankawadi,,2 bhk,2,840,45.00,Ready To Move,,
Plot  Area,Katraj,,3 bhk,3,4395,240.00,Ready To Move,,
Super built-up  Area,Katraj,,2 bhk,2,845,55.00,Ready To Move,,
Plot  Area,Sinhgad Road,,4 bhk,5,5700,650.00,Ready To Move,,
Built-up  Area,Hadapsar,,2 bhk,2,1160,44.00,Ready To Move,,
Built-up  Area,Dhankawadi,,8 bhk,8,3000,140.00,Ready To Move,,
Super built-up  Area,Katraj,,2 bhk,2,1100,62.00,Ready To Move,,
Super built-up  Area,Hadapsar,,2 bhk,2,1140,43.00,18-Apr,,
Super built-up  Area,Dhankawadi,,2 bhk,2,1220,57.00,Ready To Move,,
Plot  Area,Dhankawadi,,8 bhk,7,1350,85.00,Ready To Move,,
Super built-up  Area,Katraj,,2 bhk,2,1005,36.68,Ready To Move,,
Plot  Area,Koregaon Park,,3 bhk,3,500,100.00,Ready To Move,,
Super built-up  Area,Koregaon Park,,2 bhk,2,1358,80.58,20-Aug,,
Super built-up  Area,Koregaon Park,,3 bhk,3,1569,101.00,Ready To Move,,
Super built-up  Area,Bibwewadi,,2 bhk,2,1240,70.00,18-Apr,,
Super built-up  Area,Koregaon Park,,3 bhk,3,2089,140.00,Ready To Move,,
Super built-up  Area,Hadapsar,,2 bhk,2,1206,48.23,Ready To Move,,
Super built-up  Area,Katraj,,2 bhk,2,1150,40.00,Ready To Move,,
Built-up  Area,Koregaon Park,,3 bhk,3,2511,205.00,Ready To Move,,
Built-up  Area,Katraj,,2 bhk,1,460,22.00,Ready To Move,,
Built-up  Area,Koregaon Park,,6 bhk,6,4400,250.00,Ready To Move,,
Super built-up  Area,Hadapsar,,3 bhk,2,1660,105.00,Ready To Move,,
Built-up  Area,Bibwewadi,,4 bhk,,2957 - 3450,224.50,18-Oct,,
Super built-up  Area,Bibwewadi,,2 bhk,2,1326,78.00,19-Mar,,
Super built-up  Area,Koregaon Park,,3 bhk,2,1325,60.80,Ready To Move,,
Super built-up  Area,Katraj,,3 bhk,5,1499,102.00,Ready To Move,,
Built-up  Area,Hadapsar,,6 bhk,7,3000,210.00,Ready To Move,,
Super built-up  Area,Katraj,,3 bhk,3,1665,88.00,Ready To Move,,
Super built-up  Area,Dhankawadi,,2 bhk,2,708,37.00,17-Sep,,
Super built-up  Area,Bibwewadi,,2 bhk,2,1060,58.06,Ready To Move,,
Plot  Area,Koregaon Park,,6 bhk,6,710,160.00,Ready To Move,,
Built-up  Area,Dhankawadi,,2 bhk,2,1000,70.00,Ready To Move,,
Super built-up  Area,Bibwewadi,,2 bhk,2,1000,28.88,18-Dec,,
Super built-up  Area,Bibwewadi,,3 bhk,2,1450,70.00,Ready To Move,,
Plot  Area,Koregaon Park,,4 bhk,4,1200,155.00,Ready To Move,,
Super built-up  Area,Hadapsar,,2 bhk,2,1296,80.00,17-Aug,,
Super built-up  Area,Sinhgad Road,,3 bhk,3,1540,90.00,Ready To Move,,
Plot  Area,Sinhgad Road,,4 bhk,4,2894,245.00,Ready To Move,,
Super built-up  Area,Dhankawadi,,3 bhk,2,1330,48.00,Ready To Move,,
Built-up  Area,Bibwewadi,,2 bhk,2,1200,65.00,Ready To Move,,
Built-up  Area,Dhankawadi,,3 bhk,3,1200,90.00,Ready To Move,,
Super built-up  Area,Katraj,,3 bhk,3,2502,138.00,Ready To Move,,
Built-up  Area,Koregaon Park,,2 bhk,1,650,17.00,Ready To Move,,
Plot  Area,Koregaon Park,,3 bhk,2,2400,150.00,Ready To Move,,
Super built-up  Area,Dhankawadi,,2 bhk,2,1007,43.00,Ready To Move,,
Super built-up  Area,Bibwewadi,,2 bhk,2,1200,50.00,Ready To Move,,
Super built-up  Area,Hadapsar,,2 bhk,2,966,49.90,Ready To Move,,
Built-up  Area,Karve Nagar,,3 bhk,2,1630,98.00,Ready To Move,,
Built-up  Area,Koregaon Park,,3 bhk,3,1640,229.00,Ready To Move,,
Built-up  Area,Koregaon Park,,2 bhk,2,782,55.68,Ready To Move,,
Super built-up  Area,Katraj,,2 bhk,2,1260,66.78,19-Apr,,
Super built-up  Area,Karve Nagar,,3 bhk,3,1800,120.00,Ready To Move,,
Super built-up  Area,Karve Nagar,,3 bhk,2,1413,75.00,Ready To Move,,
Super built-up  Area,Sinhgad Road,,2 bhk,2,1116,51.91,Ready To Move,,
Super built-up  Area,Bibwewadi,,3 bhk,2,1530,45.90,Ready To Move,,
Built-up  Area,Katraj,,4 bhk,4,3700,225.00,Ready To Move,,
Built-up  Area,Katraj,,3 bhk,3,2497,140.00,Ready To Move,,
Super built-up  Area,Koregaon Park,,3 bhk,2,1540,64.00,Ready To Move,,
Super built-up  Area,Dhankawadi,,3 bhk,3,1436,74.75,18-Dec,,
Super built-up  Area,Koregaon Park,,2 bhk,2,1100,75.00,18-Jun,,
Plot  Area,Karve Nagar,,2 bhk,3,276,23.00,Ready To Move,,
Super built-up  Area,Sinhgad Road,,3 bhk,3,1427,120.00,Ready To Move,,
Super built-up  Area,Sinhgad Road,,3 bhk,3,2061,200.00,Ready To Move,,
Super built-up  Area,Koregaon Park,,4 bhk,4,3067 - 8156,477.00,18-Mar,,
Built-up  Area,Bibwewadi,,4 bhk,4,2650,150.00,Ready To Move,,
Super built-up  Area,Katraj,,3 bhk,2,1282,68.52,22-Dec,,
Built-up  Area,Katraj,,2 bhk,2,1050,34.00,Ready To Move,,
Built-up  Area,Koregaon Park,,3 bhk,3,1600,65.00,Ready To Move,,
Super built-up  Area,Katraj,,2 bhk,2,945,54.00,22-Jan,,
Super built-up  Area,Karve Nagar,,2 bhk,2,1500,78.00,Ready To Move,,
Plot  Area,Dhankawadi,,7 bhk,7,950,115.00,Ready To Move,,
Built-up  Area,Bibwewadi,,3 bhk,3,1870,110.00,Ready To Move,,
Plot  Area,Sinhgad Road,,3 bhk,3,1600,75.00,Ready To Move,,
Super built-up  Area,Bibwewadi,,2 bhk,1,880,16.50,Ready To Move,,
Plot  Area,Sinhgad Road,,4 bhk,4,1200,210.00,Ready To Move,,
Super built-up  Area,Karve Nagar,,3 bhk,3,1535,83.00,Ready To Move,,
Built-up  Area,Katraj,,2 bhk,2,950,57.00,Ready To Move,,
Super built-up  Area,Katraj,,2 bhk,2,1360,65.00,18-Aug,,
Super built-up  Area,Karve Nagar,,2 bhk,2,1042 - 1105,54.01,19-Mar,,
Super built-up  Area,Dhankawadi,,3 bhk,3,1280,50.40,18-May,,
Super built-up  Area,Karve Nagar,,3 bhk,2,1260,85.05,19-Jan,,
Built-up  Area,Dhankawadi,,8 bhk,8,5000,250.00,Ready To Move,,
Super built-up  Area,Bibwewadi,,5 bhk,5,3050,213.00,19-Dec,,
Super built-up  Area,Katraj,,3 bhk,3,1563.05,105.00,Ready To Move,,
Super built-up  Area,Karve Nagar,,2 bhk,2,1000,60.00,Ready To Move,,
Super built-up  Area,Dhankawadi,,2 bhk,2,1167,43.76,17-Jul,,
Super built-up  Area,Sinhgad Road,,7 bhk,7,4000,225.00,Ready To Move,,
Super built-up  Area,Koregaon Park,,3 bhk,3,1828,110.00,Ready To Move,,
Super built-up  Area,Katraj,,2 bhk,2,890,35.00,Ready To Move,,
Super built-up  Area,Dhankawadi,,3 bhk,3,1612,46.74,Ready To Move,,
Plot  Area,Dhankawadi,,6 bhk,5,1034,185.00,Ready To Move,,
Super built-up  Area,Koregaon Park,,3 bhk,4,1710,91.31,19-Apr,,
Super built-up  Area,Katraj,,2 bhk,2,957,58.00,Ready To Move,,
Super built-up  Area,Hadapsar,,3 bhk,2,1250,44.00,18-May,,
Super built-up  Area,Hadapsar,,3 bhk,4,2795,235.00,Ready To Move,,
Super built-up  Area,Hadapsar,,2 bhk,2,1125,50.00,Ready To Move,,
Super built-up  Area,Katraj,,2 bhk,2,1020,30.60,18-Jul,,
Super built-up  Area,Hadapsar,,2 bhk,2,1200,50.00,Ready To Move,,
Super built-up  Area,Hadapsar,,3 bhk,3,1735,135.00,Ready To Move,,
Super built-up  Area,Karve Nagar,,3 bhk,3,2050,145.00,Ready To Move,,
Plot  Area,Hadapsar,,4 bhk,4,3750,760.00,Ready To Move,,
Built-up  Area,Hadapsar,,3 bhk,2,1350,48.00,Ready To Move,,
Super built-up  Area,Hadapsar,,2 bhk,2,1063,32.00,18-May,,
Super built-up  Area,Hadapsar,,3 bhk,3,1904,150.00,Ready To Move,,
Built-up  Area,Sinhgad Road,,4 bhk,4,4200,420.00,Ready To Move,,
Super built-up  Area,Koregaon Park,,3 bhk,3,2000,175.00,Ready To Move,,
Super built-up  Area,Dhankawadi,,2 bhk,2,1145 - 1340,43.49,18-Dec,,
Super built-up  Area,Bibwewadi,,3 bhk,2,1425,75.00,Ready To Move,,
Super built-up  Area,Bibwewadi,,3 bhk,2,1500,64.50,Ready To Move,,
Built-up  Area,Bibwewadi,,2 bhk,2,1060,60.00,Ready To Move,,
Built-up  Area,Bibwewadi,,3 bhk,2,1470,70.00,Ready To Move,,
Super built-up  Area,Bibwewadi,,6 bhk,6,1300,99.00,Ready To Move,,
Super built-up  Area,Bibwewadi,,1 bhk,1,450,11.00,Ready To Move,,
Super built-up  Area,Bibwewadi,,2 bhk,2,1152,64.50,18-Apr,,
Super built-up  Area,Bibwewadi,,3 bhk,2,1350,56.00,Ready To Move,,
Super built-up  Area,Bibwewadi,,3 bhk,3,1550,65.00,Ready To Move,,
Plot  Area,Bibwewadi,,3 bhk,3,1500,100.00,Ready To Move,,
Plot  Area,Bibwewadi,,5 bhk,3,600,85.00,Ready To Move,,
Plot  Area,Dhankawadi,,1 bhk,1,400,14.00,Ready To Move,,
Super built-up  Area,Bibwewadi,,1 bhk,1,705,67.00,Ready To Move,,
Built-up  Area,Bibwewadi,,2 bhk,1,770,36.00,Ready To Move,,
Super built-up  Area,Koregaon Park,,2 bhk,2,1242,51.00,Ready To Move,,
Super built-up  Area,Bibwewadi,,3 bhk,3,1700,155.00,Ready To Move,,
Super built-up  Area,Koregaon Park,,3 bhk,3,2144,145.00,Ready To Move,,
Super built-up  Area,Koregaon Park,,3 bhk,3,1704,110.00,21-Jun,,
Super built-up  Area,Bibwewadi,,2 bhk,2,1070,52.00,Ready To Move,,
Plot  Area,Koregaon Park,,3 bhk,3,1846,300.00,Ready To Move,,
Super built-up  Area,Bibwewadi,,2 bhk,2,1340,55.70,Ready To Move,,
Built-up  Area,Bibwewadi,,2 bhk,2,1025,46.00,Ready To Move,,
Super built-up  Area,Sinhgad Road,,2 bhk,2,1015 - 1540,56.80,Ready To Move,,
Super built-up  Area,Dhankawadi,,2 bhk,2,1200,52.00,Ready To Move,,
Built-up  Area,Katraj,,4 bhk,4,2250,110.00,18-Dec,,
Super built-up  Area,Katraj,,3 bhk,2,1550,80.00,Ready To Move,,
Plot  Area,Bibwewadi,,4 bhk,5,1200,325.00,Ready To Move,,
Plot  Area,Katraj,,7 bhk,7,1800,250.00,Ready To Move,,
Super built-up  Area,Dhankawadi,,2 bhk,2,1200,60.00,Ready To Move,,
Super built-up  Area,Bibwewadi,,2 bhk,2,1327,98.00,Ready To Move,,
Super built-up  Area,Koregaon Park,,2 bhk,2,1186,58.00,Ready To Move,,
Built-up  Area,Katraj,,3 bhk,3,1783,115.00,Ready To Move,,
Super built-up  Area,Katraj,,3 bhk,3,1400,56.00,Ready To Move,,
Super built-up  Area,Katraj,,2 bhk,2,980,48.00,Ready To Move,,
Super built-up  Area,Katraj,,2 bhk,2,1285,82.00,Ready To Move,,
Super built-up  Area,Katraj,,3 bhk,2,912,70.00,Ready To Move,,
Built-up  Area,Sinhgad Road,,2 bhk,2,1225,47.60,Ready To Move,,
Super built-up  Area,Sinhgad Road,,2 bhk,2,1075,53.00,Ready To Move,,
Built-up  Area,Katraj,,3 bhk,2,1260,54.00,Ready To Move,,
Super built-up  Area,Bibwewadi,,3 bhk,2,1282,48.70,Ready To Move,,
Super built-up  Area,Katraj,,3 bhk,3,1909,88.00,Ready To Move,,
Super built-up  Area,Katraj,,2 bhk,2,1359,87.00,Ready To Move,,
Super built-up  Area,Koregaon Park,,2 bhk,3,1763,262.00,Ready To Move,,
Super built-up  Area,Bibwewadi,,2 bhk,1,900,25.00,17-Sep,,
Super built-up  Area,Dhankawadi,,3 bhk,3,1305,60.00,Ready To Move,,
Built-up  Area,Karve Nagar,,3 bhk,2,1200,100.00,Ready To Move,,
Super built-up  Area,Dhankawadi,,1 bhk,1,763 - 805,35.29,Ready To Move,,
Plot  Area,Dhankawadi,,,,5000,400.00,Immediate Possession,,
Super built-up  Area,Bibwewadi,,2 bhk,2,1150,36.80,Ready To Move,,
Built-up  Area,Karve Nagar,,3 bhk,3,1806,85.00,Ready To Move,,
Super built-up  Area,Katraj,,2 bhk,2,1027,42.00,Ready To Move,,
Super built-up  Area,Koregaon Park,,2 bhk,2,1002,40.08,19-Jul,,
Super built-up  Area,Koregaon Park,,3 bhk,2,1220,36.21,18-Apr,,
Super built-up  Area,Dhankawadi,,2 bhk,2,1109,35.22,Ready To Move,,
Built-up  Area,Koregaon Park,,2 bhk,2,1002,40.08,Ready To Move,,
Super built-up  Area,Katraj,,2 bhk,2,1308,89.04,Ready To Move,,
Super built-up  Area,Dhankawadi,,2 bhk,2,1232,69.60,19-Mar,,
Super built-up  Area,Karve Nagar,,2 bhk,2,1027,44.00,18-Apr,,
Built-up  Area,Katraj,,2 bhk,2,1250,65.00,Ready To Move,,
Plot  Area,Koregaon Park,,6 bhk,6,900,170.00,Ready To Move,,
Plot  Area,Bibwewadi,,4 bhk,4,960,80.00,Ready To Move,,
Built-up  Area,Bibwewadi,,3 bhk,3,1991,104.00,18-Dec,,
Super built-up  Area,Bibwewadi,,3 bhk,3,1779,90.00,Ready To Move,,
Plot  Area,Bibwewadi,,4 bhk,4,10200,1250.00,Ready To Move,,
Super built-up  Area,Bibwewadi,,2 bhk,2,870,38.00,Ready To Move,,
Super built-up  Area,Dhankawadi,,3 bhk,3,1595,120.00,18-May,,
Super built-up  Area,Koregaon Park,,1 bhk,1,525,26.00,21-Dec,,
Plot  Area,Karve Nagar,,4 bhk,5,945,120.00,Ready To Move,,
Plot  Area,Karve Nagar,,6 bhk,4,2400,420.00,18-Apr,,
Super built-up  Area,Dhankawadi,,3 bhk,4,2000,138.00,18-Dec,,
Super built-up  Area,Katraj,,3 bhk,3,1614,93.00,Ready To Move,,
Super built-up  Area,Dhankawadi,,2 bhk,2,1200,40.00,Ready To Move,,
Built-up  Area,Katraj,,3 bhk,3,1150,46.00,Ready To Move,,
Super built-up  Area,Koregaon Park,,4 bhk,4,3200,440.00,Ready To Move,,
Super built-up  Area,Dhankawadi,,3 bhk,3,1610,80.48,18-Dec,,
Super built-up  Area,Bibwewadi,,2 bhk,2,1190,41.00,Ready To Move,,
Super built-up  Area,Bibwewadi,,2 bhk,2,1050,50.00,Ready To Move,,
Plot  Area,Koregaon Park,,4 bhk,5,4800,420.00,Ready To Move,,
Super built-up  Area,Sinhgad Road,,3 bhk,2,1460,97.00,Ready To Move,,
Super built-up  Area,Hadapsar,,3 bhk,3,3400,400.00,Ready To Move,,
Plot  Area,Dhankawadi,,1 bhk,1,600,33.00,Ready To Move,,
Built-up  Area,Bibwewadi,,3 bhk,3,1569,70.00,Ready To Move,,
Built-up  Area,Dhankawadi,,3 bhk,2,2700,260.00,Ready To Move,,
Built-up  Area,Bibwewadi,,4 bhk,3,1900,97.00,Ready To Move,,
Plot  Area,Katraj,,3 bhk,2,1350,175.00,Ready To Move,,
Super built-up  Area,Karve Nagar,,3 bhk,2,1520,96.00,18-Aug,,
Plot  Area,Dhankawadi,,4 bhk,4,2100,100.00,Ready To Move,,
Super built-up  Area,Sinhgad Road,,2 bhk,2,1175,50.00,Ready To Move,,
Super built-up  Area,Koregaon Park,,2 bhk,2,1432,68.00,Ready To Move,,
Super built-up  Area,Katraj,,2 bhk,2,1005,39.77,18-Jun,,
Super built-up  Area,Dhankawadi,,2 bhk,2,1309,80.00,Ready To Move,,
Super built-up  Area,Dhankawadi,,3 bhk,4,2251,370.00,Ready To Move,,
Super built-up  Area,Koregaon Park,,2 bhk,2,1050,77.00,Ready To Move,,
Super built-up  Area,Katraj,,3 bhk,3,1100,53.00,21-Dec,,
Plot  Area,Hadapsar,,3 bhk,3,2400,310.00,Ready To Move,,
Super built-up  Area,Hadapsar,,3 bhk,2,1565,56.34,Ready To Move,,
Built-up  Area,Hadapsar,,2 bhk,2,940,56.00,Ready To Move,,
Super built-up  Area,Katraj,,2 bhk,2,1015,40.10,18-Jun,,
Plot  Area,Hadapsar,,3 bhk,2,2400,360.00,Ready To Move,,
Super built-up  Area,Hadapsar,,3 bhk,3,1652,110.00,Ready To Move,,
Super built-up  Area,Karve Nagar,,2 bhk,2,1100,52.00,Ready To Move,,
Super built-up  Area,Hadapsar,,4 bhk,4,2340,145.00,Ready To Move,,
Super built-up  Area,Bibwewadi,,2 bhk,2,1084,179.00,21-Jul,,
Super built-up  Area,Bibwewadi,,2 bhk,2,1056,39.07,,,
Super built-up  Area,Ambegaon,,4 bhk,5,2600,120.00,,,
Super built-up  Area,Ambegaon,,3 bhk,2,1440,62.00,,,
Super built-up  Area,Amanora Town,,3 bhk,3,1521,95.00,,,
Super built-up  Area,Amanora Town,,2 bhk,2,1200,51.00,,,
Built-up  Area,Balaji Nagar,,2 bhk,2,1170,38.00,,,
Super built-up  Area,Baner,,4 bhk,4,2732,204.00,,,
Plot  Area,Baner,,4 bhk,4,3300,600.00,,,
Super built-up  Area,Baner,,3 bhk,3,1310,63.25,,,
Super built-up  Area,Baner,,6 bhk,6,1020,370.00,,,
Super built-up  Area,Bibwewadi,,3 bhk,2,1800,70.00,,,
Super built-up  Area,Bibwewadi,,4 bhk,5,2785,295.00,,,
Built-up  Area,Budhwar Peth,,2 bhk,2,1000,38.00,,,
Super built-up  Area,Bund Garden,,2 bhk,2,1100,40.00,,,
Super built-up  Area,Camp,,3 bhk,3,2250,148.00,,,
Super built-up  Area,Bibwewadi,,2 bhk,2,1175,73.50,,,
Super built-up  Area,Dhankawadi,,3 bhk,3,1180,48.00,,,
Super built-up  Area,Deccan Gymkhana,,3 bhk,3,1540,60.00,,,
Super built-up  Area,Bibwewadi,,3 bhk,4,2770,290.00,,,
Built-up  Area,Dhankawadi,,2 bhk,2,1100,48.00,,,
,Dhankawadi,,1 bhk,1,600,15.00,,,
,Bibwewadi,,3 bhk,3,1755,122.00,,,
,Karve Nagar,,4 bhk,5,2800,380.00,,,
,Katraj,,3 bhk,3,1767,103.00,,,
,FC Road,,1 RK,1,510,25.25,,,
,Katraj,,3 bhk,3,1250,56.00,,,
,FC Road,,2 bhk,1,660,23.10,,,
,Bibwewadi,,3 bhk,3,1610,81.00,,,
,Sinhgad Road,,2 bhk,2,1151,48.77,,,
,Swargate,,3 bhk,2,1025,47.00,,,
,Swargate,,4 bhk,4,2100 - 2850,186.00,,,
,Swargate,,3 bhk,2,1075,35.00,,,
,Hadapsar,,3 bhk,2,1760,123.00,,,
,Sinhgad Road,,3 bhk,3,1693,57.39,,,
,Sinhgad Road,,3 bhk,3,1925,125.00,,,
,Koregaon Park,,2 bhk,2,700,36.00,,,
,Swargate,,2 bhk,2,1070,45.50,,,
,Karve Nagar,,3 bhk,3,1724,125.00,,,
,Karve Nagar,,3 bhk,2,1290,56.12,,,
,AB Chowk,,2 bhk,2,1143,45.00,,,
,Katraj,,2 bhk,2,1296,81.00,,,
,AB Chowk,,3 bhk,3,1254,38.00,,,
,AB Chowk,,1 bhk,1,600,38.00,,,
,Dhankawadi,,1 bhk,1,660,48.00,,,
,Kondhwa,,2 bhk,2,1330.74,91.79,,,
,Kondhwa,,8 bhk,9,600,200.00,,,
,Kondhwa,,2 bhk,2,970,33.00,,,
,Koregaon Park,,2 bhk,2,1459,94.82,,,
,Kothrud,,2 bhk,1,800,130.00,,,
,Katraj,,2 bhk,2,869,36.00,,,
,Shivaji Nagar,,2 bhk,2,1270,50.00,,,
,Katraj,,3 bhk,3,1670,99.00,,,
,Katraj,,3 bhk,3,2010,91.00,,,
,Katraj,,2 bhk,2,1185,75.00,,,
,Katraj,,3 bhk,2,1600,75.00,,,
,Market yard,,2 bhk,2,1200,44.00,,,
,Model colony,,4 bhk,,3010 - 3410,192.00,,,
,Swargate,,2 bhk,2,1500,185.00,,,
,Swargate,,6 bhk,4,1407,150.00,,,
,Swargate,,2 bhk,2,840,45.00,,,
,Swargate,,3 bhk,3,4395,240.00,,,
,Swargate,,2 bhk,2,845,55.00,,,
,Balaji Nagar,,4 bhk,5,5700,650.00,,,
,Balaji Nagar,,2 bhk,2,1160,44.00,,,
,Padmavati,,8 bhk,8,3000,140.00,,,
,Balaji Nagar,,2 bhk,2,1100,62.00,,,
,Swargate,,2 bhk,2,1140,43.00,,,
,Swargate,,2 bhk,2,1220,57.00,,,
,Swargate,,8 bhk,7,1350,85.00,,,
,Koregaon Park,,2 bhk,2,1005,36.68,,,
,Pune Railway Station,,3 bhk,3,500,100.00,,,
,Koregaon Park,,2 bhk,2,1358,80.58,,,
,Koregaon Park,,3 bhk,3,1569,101.00,,,
,Koregaon Park,,2 bhk,2,1240,70.00,,,
,Sahakar Nagar,,3 bhk,3,2089,140.00,,,
,Dhankawadi,,2 bhk,2,1206,48.23,,,
,Dhankawadi,,2 bhk,2,1150,40.00,,,
,Katraj,,3 bhk,3,2511,205.00,,,
,Sinhgad Road,,2 bhk,1,460,22.00,,,
,Shivaji Nagar,,6 bhk,6,4400,250.00,,,
,Shivaji Nagar,,3 bhk,2,1660,105.00,,,
,Shivaji Nagar,,4 bhk,,2957 - 3450,224.50,,,
,Sinhgad Road,,2 bhk,2,1326,78.00,,,
,Shivaji Nagar,,3 bhk,2,1325,60.80,,,
,Swargate,,3 bhk,5,1499,102.00,,,
,Shivaji Nagar,,6 bhk,7,3000,210.00,,,
,Shivaji Nagar,,3 bhk,3,1665,88.00,,,
,Shivaji Nagar,,2 bhk,2,708,37.00,,,
,Hadapsar,,2 bhk,2,1060,58.06,,,
,Shivaji Nagar,,6 bhk,6,710,160.00,,,
,Shivaji Nagar,,2 bhk,2,1000,70.00,,,
,Hadapsar,,2 bhk,2,1000,28.88,,,
,Hadapsar,,3 bhk,2,1450,70.00,,,
,Koregaon Park,,4 bhk,4,1200,155.00,,,
,Sinhgad Road,,2 bhk,2,1296,80.00,,,
,Sinhgad Road,,3 bhk,3,1540,90.00,,,
,Bibwewadi,,4 bhk,4,2894,245.00,,,
,Ambegaon,,3 bhk,2,1330,48.00,,,
,Ambegaon,,2 bhk,2,1200,65.00,,,
,Amanora Town,,3 bhk,3,1200,90.00,,,
,Amanora Town,,3 bhk,3,2502,138.00,,,
,Balaji Nagar,,2 bhk,1,650,17.00,,,
,Baner,,3 bhk,2,2400,150.00,,,
,Baner,,2 bhk,2,1007,43.00,,,
,Baner,,2 bhk,2,1200,50.00,,,
,Baner,,2 bhk,2,966,49.90,,,
,Bibwewadi,,3 bhk,2,1630,98.00,,,
,Bibwewadi,,3 bhk,3,1640,229.00,,,
,Budhwar Peth,,2 bhk,2,782,55.68,,,
,Bund Garden,,2 bhk,2,1260,66.78,,,
,Camp,,3 bhk,3,1800,120.00,,,
,Bibwewadi,,3 bhk,2,1413,75.00,,,
,Dhankawadi,,2 bhk,2,1116,51.91,,,
,Deccan Gymkhana,,3 bhk,2,1530,45.90,,,
,Bibwewadi,,4 bhk,4,3700,225.00,,,
,Dhankawadi,,3 bhk,3,2497,140.00,,,
,Dhankawadi,,3 bhk,2,1540,64.00,,,
,Bibwewadi,,3 bhk,3,1436,74.75,,,
,Karve Nagar,,2 bhk,2,1100,75.00,,,
,Katraj,,2 bhk,3,276,23.00,,,
,FC Road,,3 bhk,3,1427,120.00,,,
,Katraj,,3 bhk,3,2061,200.00,,,
,FC Road,,4 bhk,4,3067 - 8156,477.00,,,
,Bibwewadi,,4 bhk,4,2650,150.00,,,
,FC Road,,3 bhk,2,1282,68.52,,,
,Swargate,,2 bhk,2,1050,34.00,,,
,Swargate,,3 bhk,3,1600,65.00,,,
,Swargate,,2 bhk,2,945,54.00,,,
,Hadapsar,,2 bhk,2,1500,78.00,,,
,Sinhgad Road,,7 bhk,7,950,115.00,,,
,Sinhgad Road,,3 bhk,3,1870,110.00,,,
,Koregaon Park,,3 bhk,3,1600,75.00,,,
,Swargate,,2 bhk,1,880,16.50,,,
,Karve Nagar,,4 bhk,4,1200,210.00,,,
,Karve Nagar,,3 bhk,3,1535,83.00,,,
,AB Chowk,,2 bhk,2,950,57.00,,,
,Katraj,,2 bhk,2,1360,65.00,,,
,AB Chowk,,2 bhk,2,1042 - 1105,54.01,,,
,AB Chowk,,3 bhk,3,1280,50.40,,,
,Dhankawadi,,3 bhk,2,1260,85.05,,,
,Kondhwa,,8 bhk,8,5000,250.00,,,
,Kondhwa,,5 bhk,5,3050,213.00,,,
,Kondhwa,,3 bhk,3,1563.05,105.00,,,
,Koregaon Park,,2 bhk,2,1000,60.00,,,
,Kothrud,,2 bhk,2,1167,43.76,,,
,Katraj,,7 bhk,7,4000,225.00,,,
,Shivaji Nagar,,3 bhk,3,1828,110.00,,,
,Katraj,,2 bhk,2,890,35.00,,,
,Katraj,,3 bhk,3,1612,46.74,,,
,Katraj,,6 bhk,5,1034,185.00,,,
,Katraj,,3 bhk,4,1710,91.31,,,
,Market yard,,2 bhk,2,957,58.00,,,
,Model colony,,3 bhk,2,1250,44.00,,,
,Swargate,,3 bhk,4,2795,235.00,,,
,Swargate,,2 bhk,2,1125,50.00,,,
,Swargate,,2 bhk,2,1020,30.60,,,
,Swargate,,2 bhk,2,1200,50.00,,,
,Swargate,,3 bhk,3,1735,135.00,,,
,Balaji Nagar,,3 bhk,3,2050,145.00,,,
,Balaji Nagar,,4 bhk,4,3750,760.00,,,
,Padmavati,,3 bhk,2,1350,48.00,,,
,Balaji Nagar,,2 bhk,2,1063,32.00,,,
,Swargate,,3 bhk,3,1904,150.00,,,
,Swargate,,4 bhk,4,4200,420.00,,,
,Swargate,,3 bhk,3,2000,175.00,,,
,Koregaon Park,,2 bhk,2,1145 - 1340,43.49,,,
,Pune Railway Station,,3 bhk,2,1425,75.00,,,
,Koregaon Park,,3 bhk,2,1500,64.50,,,
,Koregaon Park,,2 bhk,2,1060,60.00,,,
,Koregaon Park,,3 bhk,2,1470,70.00,,,
,Sahakar Nagar,,6 bhk,6,1300,99.00,,,
,Dhankawadi,,1 bhk,1,450,11.00,,,
,Dhankawadi,,2 bhk,2,1152,64.50,,,
,Katraj,,3 bhk,2,1350,56.00,,,
,Sinhgad Road,,3 bhk,3,1550,65.00,,,
,Shivaji Nagar,,3 bhk,3,1500,100.00,,,
,Shivaji Nagar,,5 bhk,3,600,85.00,,,
,Shivaji Nagar,,1 bhk,1,400,14.00,,,
,Sinhgad Road,,1 bhk,1,705,67.00,,,
,Shivaji Nagar,,2 bhk,1,770,36.00,,,
,Swargate,,2 bhk,2,1242,51.00,,,
,Shivaji Nagar,,3 bhk,3,1700,155.00,,,
,Shivaji Nagar,,3 bhk,3,2144,145.00,,,
,Shivaji Nagar,,3 bhk,3,1704,110.00,,,
,Hadapsar,,2 bhk,2,1070,52.00,,,
,Shivaji Nagar,,3 bhk,3,1846,300.00,,,
,Shivaji Nagar,,2 bhk,2,1340,55.70,,,
,Hadapsar,,2 bhk,2,1025,46.00,,,
,Hadapsar,,2 bhk,2,1015 - 1540,56.80,,,
,Koregaon Park,,2 bhk,2,1200,52.00,,,
,Sinhgad Road,,4 bhk,4,2250,110.00,,,
,Sinhgad Road,,3 bhk,2,1550,80.00,,,
,Bibwewadi,,4 bhk,5,1200,325.00,,,
,Ambegaon,,7 bhk,7,1800,250.00,,,
,Ambegaon,,2 bhk,2,1200,60.00,,,
,Amanora Town,,2 bhk,2,1327,98.00,,,
,Amanora Town,,2 bhk,2,1186,58.00,,,
,Balaji Nagar,,3 bhk,3,1783,115.00,,,
,Baner,,3 bhk,3,1400,56.00,,,
,Baner,,2 bhk,2,980,48.00,,,
,Baner,,2 bhk,2,1285,82.00,,,
,Baner,,3 bhk,2,912,70.00,,,
,Bibwewadi,,2 bhk,2,1225,47.60,,,
,Bibwewadi,,2 bhk,2,1075,53.00,,,
,Budhwar Peth,,3 bhk,2,1260,54.00,,,
,Bund Garden,,3 bhk,2,1282,48.70,,,
,Camp,,3 bhk,3,1909,88.00,,,
,Bibwewadi,,2 bhk,2,1359,87.00,,,
,Dhankawadi,,2 bhk,2,1207,43.50,,,
,Deccan Gymkhana,,4 bhk,6,1736,190.00,,,
,Bibwewadi,,4 bhk,4,2850,428.00,,,
,Dhankawadi,,3 bhk,3,1595,65.00,,,
,Dhankawadi,,3 bhk,3,1798,89.00,,,
,Bibwewadi,,3 bhk,3,1475,78.29,,,
,Karve Nagar,,3 bhk,3,1580,100.00,,,
,Katraj,,2 bhk,2,1295,65.00,,,
,FC Road,,6 bhk,6,3600,141.00,,,
,Katraj,,1 bhk,1,589,27.00,,,
,FC Road,,3 bhk,3,1415,78.00,,,
,Bibwewadi,,3 bhk,3,1787,98.29,,,
,FC Road,,3 bhk,3,1787,125.00,,,
,Swargate,,3 bhk,2,1475,90.00,,,
,Swargate,,4 bhk,4,2000,75.50,,,
,Swargate,,2 bhk,2,984,44.28,,,
,Hadapsar,,3 bhk,,1520 - 1740,74.82,,,
,Sinhgad Road,,3 bhk,4,2405,260.00,,,
,Sinhgad Road,,2 bhk,2,1080,72.00,,,
,Koregaon Park,,2 bhk,2,1500,115.00,,,
,Swargate,,3 bhk,3,1900,119.00,,,
,Karve Nagar,,2 bhk,2,805,22.14,,,
,Karve Nagar,,2 bhk,2,1153,56.40,,,
,AB Chowk,,2 bhk,2,1148,60.00,,,
,Katraj,,2 bhk,2,1110,55.00,,,
,AB Chowk,,2 bhk,2,1100,42.00,,,
,AB Chowk,,2 bhk,2,1290,110.00,,,
,Dhankawadi,,3 bhk,2,1500,65.00,,,
,Kondhwa,,2 bhk,2,1080,39.00,,,
,Kondhwa,,3 bhk,3,1933,129.00,,,
,Kondhwa,,5 bhk,5,3500,150.00,,,
,Koregaon Park,,2 bhk,2,1060,60.00,,,
,Kothrud,,1 bhk,1,645,16.45,,,
,Katraj,,8 bhk,8,2600,180.00,,,
,Shivaji Nagar,,1 bhk,1,645,16.45,,,
,Katraj,,3 bhk,3,1644,84.00,,,
,Katraj,,2 bhk,2,1285,72.50,,,
,Katraj,,3 bhk,3,1200,90.00,,,
,Katraj,,2 bhk,2,910,40.00,,,
,Market yard,,3 bhk,3,1577,70.00,,,
,Model colony,,3 bhk,3,4050,280.00,,,
,Swargate,,3 bhk,3,2420,185.00,,,
,Swargate,,2 bhk,1,800,20.00,,,
,Swargate,,2 bhk,2,1060,55.00,,,
,Swargate,,2 bhk,2,1270,93.00,,,
,Swargate,,2 bhk,2,900,22.50,,,
,Balaji Nagar,,2 bhk,2,1280,69.00,,,
,Balaji Nagar,,4 bhk,2,1200,95.00,,,
,Padmavati,,2 bhk,2,1025,36.00,,,
,Balaji Nagar,,2 bhk,2,1108,63.00,,,
,Swargate,,5 bhk,5,1200,170.00,,,
,Swargate,,3 bhk,3,3045,170.00,,,
,Swargate,,4 bhk,3,2900,300.00,,,
,Koregaon Park,,3 bhk,3,1500,75.50,,,
,Pune Railway Station,,2 bhk,2,1295,43.90,,,
,Koregaon Park,,2 bhk,2,1162,59.90,,,
,Koregaon Park,,2 bhk,2,1035,49.20,,,
,Koregaon Park,,4 bhk,4,1600,52.80,,,
,Sahakar Nagar,,3 bhk,3,1464,46.00,,,
,Dhankawadi,,3 bhk,2,1866,61.58,,,
,Dhankawadi,,2 bhk,1,700,26.00,,,
,Katraj,,3 bhk,3,1804,120.00,,,
,Sinhgad Road,,2 bhk,2,913,32.00,,,
,Shivaji Nagar,,3 bhk,3,1868,131.00,,,
,Shivaji Nagar,,2 bhk,2,883,45.00,,,
,Shivaji Nagar,,2 bhk,2,900,110.00,,,
,Sinhgad Road,,3 bhk,2,1664,73.95,,,
,Shivaji Nagar,,3 bhk,3,2026,132.00,,,
,Swargate,,2 bhk,2,1210,80.90,,,
,Shivaji Nagar,,4 bhk,4,4111,250.00,,,
,Shivaji Nagar,,3 bhk,3,1762,91.45,,,
,Shivaji Nagar,,3 bhk,3,1252,55.00,,,
,Hadapsar,,2 bhk,2,861,34.50,,,
,Shivaji Nagar,,3 bhk,2,1420,100.00,,,
,Shivaji Nagar,,6 bhk,6,1450,250.00,,,
,Hadapsar,,3 bhk,3,1490,78.80,,,
,Hadapsar,,3 bhk,2,1075,46.00,,,
,Koregaon Park,,3 bhk,2,1425,94.00,,,
,Sinhgad Road,,2 bhk,2,1200,40.00,,,
,Sinhgad Road,,3 bhk,2,1280,56.00,,,
,Bibwewadi,,2 bhk,2,1084,50.00,,,
,Ambegaon,,2 bhk,2,1015,25.88,,,
,Ambegaon,,2 bhk,2,1017,51.25,,,
,Amanora Town,,2 bhk,2,1027,44.00,,,
,Amanora Town,,2 bhk,2,1069,45.00,,,
,Balaji Nagar,,2 bhk,2,1349,98.20,,,
,Baner,,2 bhk,2,1005,50.00,,,
,Baner,,2 bhk,2,1417,75.00,,,
,Baner,,3 bhk,3,1475,98.00,,,
,Baner,,2 bhk,2,950,47.00,,,
,Bibwewadi,,4 bhk,4,2000,120.00,,,
,Bibwewadi,,3 bhk,3,880,140.00,,,
,Budhwar Peth,,4 bhk,3,1863,104.00,,,
,Bund Garden,,2 bhk,2,1010,29.50,,,
,Camp,,3 bhk,2,1425,70.00,,,
,Bibwewadi,,3 bhk,3,1450,100.00,,,
,Dhankawadi,,3 bhk,3,1847,105.00,,,
,Deccan Gymkhana,,2 bhk,2,1100,45.00,,,
,Bibwewadi,,1 bhk,1,525,26.00,,,
,Dhankawadi,,3 bhk,3,1665,95.00,,,
,Dhankawadi,,4 bhk,4,1664,65.00,,,
,Bibwewadi,,3 bhk,3,1850,150.00,,,
,Karve Nagar,,2 bhk,2,1438,100.00,,,
,Katraj,,3 bhk,3,1560,115.00,,,
,FC Road,,2 bhk,2,1350,55.55,,,
,Katraj,,3 bhk,3,1550,67.00,,,
,FC Road,,2 bhk,2,1140,46.50,,,
,Bibwewadi,,5 bhk,5,1200,180.00,,,
,FC Road,,2 bhk,2,850,27.00,,,
,Swargate,,2 bhk,2,1280,75.00,,,
,Swargate,,2 bhk,2,1170,52.00,,,
,Swargate,,2 bhk,2,1113,51.00,,,
,Hadapsar,,2 bhk,2,1385,83.09,,,
,Sinhgad Road,,2 bhk,2,1128,65.00,,,
,Sinhgad Road,,2 bhk,2,1200,128.00,,,
,Koregaon Park,,4 bhk,4,1200,165.00,,,
,Swargate,,3 bhk,3,2390,415.00,,,
,Karve Nagar,,4 bhk,4,2400,400.00,,,
,Karve Nagar,,3 bhk,3,1464,56.00,,,
,AB Chowk,,2 bhk,2,1200,55.00,,,
,Katraj,,2 bhk,2,1200,52.00,,,
,AB Chowk,,3 bhk,2,1150,55.00,,,
,AB Chowk,,3 bhk,3,1645,95.00,,,
,Dhankawadi,,2 bhk,2,1000,67.00,,,
,Kondhwa,,4 bhk,4,2650,198.00,,,
,Kondhwa,,2 bhk,2,1192,74.00,,,
,Kondhwa,,3 bhk,3,2135,215.00,,,
,Koregaon Park,,2 bhk,2,1173,58.00,,,
,Kothrud,,2 bhk,2,1020,45.00,,,
,Katraj,,4 bhk,6,3122,230.00,,,
,Shivaji Nagar,,3 bhk,3,1600,64.00,,,
,Katraj,,2 bhk,2,1200,79.00,,,
,Katraj,,2 bhk,2,1230,48.00,,,
,Katraj,,2 bhk,2,1250,40.00,,,
,Katraj,,2 bhk,2,1325,76.00,,,
,Market yard,,3 bhk,3,1850,150.00,,,
,Model colony,,1 bhk,,525,21.53,,,
,Swargate,,2 bhk,2,1200,65.00,,,
,Swargate,,3 bhk,2,1350,140.00,,,
,Swargate,,3 bhk,3,1260,49.36,,,
,Swargate,,3 bhk,3,1800,150.00,,,
,Swargate,,3 bhk,3,11,74.00,,,
,Balaji Nagar,,2 bhk,2,1100,43.25,,,
,Balaji Nagar,,2 bhk,2,1508,77.00,,,
,Padmavati,,3 bhk,3,1592,75.00,,,
,Balaji Nagar,,2 bhk,2,1388,57.00,,,
,Swargate,,1 bhk,1,630,28.35,,,
,Swargate,,3 bhk,3,2000,365.00,,,
,Swargate,,3 bhk,3,1762,125.00,,,
,Koregaon Park,,2 bhk,2,950,50.00,,,
,Pune Railway Station,,4 bhk,5,3252,335.00,,,
,Koregaon Park,,2 bhk,2,1116,50.00,,,
,Koregaon Park,,2 bhk,2,1308,89.04,,,
,Koregaon Park,,3 bhk,3,1200,90.00,,,
,Sahakar Nagar,,4 bhk,4,1500,230.00,,,
,Dhankawadi,,1 bhk,1,500,18.50,,,
,Dhankawadi,,2 bhk,2,1075,52.00,,,
,Katraj,,1 bhk,1,530,11.66,,,
,Sinhgad Road,,2 bhk,2,1205,66.00,,,
,Shivaji Nagar,,2 bhk,2,1075,60.00,,,
,Shivaji Nagar,,2 bhk,2,930,39.00,,,
,Shivaji Nagar,,2 bhk,2,1380,60.00,,,
,Sinhgad Road,,4 bhk,5,2483,212.00,,,
,Shivaji Nagar,,2 bhk,2,1166,55.00,,,
,Swargate,,2 bhk,2,1050,65.00,,,
,Shivaji Nagar,,3 bhk,3,2023.71,275.00,,,
,Shivaji Nagar,,2 bhk,2,1200,46.80,,,
,Shivaji Nagar,,3 bhk,2,1600,108.00,,,
,Hadapsar,,3 bhk,3,1935,110.00,,,
,Shivaji Nagar,,1 bhk,1,451,29.90,,,
,Shivaji Nagar,,3 bhk,3,1800,95.00,,,
,Hadapsar,,3 bhk,3,1400,77.00,,,
,Hadapsar,,3 bhk,3,1801,115.00,,,
,Koregaon Park,,2 bhk,2,1451,90.00,,,
,Sinhgad Road,,2 bhk,1,1200,36.00,,,
,Sinhgad Road,,2 bhk,2,1160,44.00,,,
,Bibwewadi,,2 bhk,2,1000,25.00,,,
,Ambegaon,,2 bhk,2,950,40.00,,,
,Ambegaon,,3 bhk,3,1629,79.00,,,
,Amanora Town,,3 bhk,2,1580,134.00,,,
,Amanora Town,,3 bhk,3,1826,121.00,,,
,Balaji Nagar,,2 bhk,2,1245,94.00,,,
,Baner,,2 bhk,2,1145,45.79,,,
,Baner,,2 bhk,2,825,33.00,,,
,Baner,,3 bhk,3,1693,108.00,,,
,Baner,,2 bhk,2,1113.27,53.00,,,
,Bibwewadi,,2 bhk,2,1460,58.00,,,
,Bibwewadi,,2 bhk,2,1050,32.00,,,
,Budhwar Peth,,2 bhk,2,1260,55.00,,,
,Bund Garden,,6 bhk,3,700,120.00,,,
,Camp,,2 bhk,2,1656,120.00,,,
,Bibwewadi,,3 bhk,3,1208,45.00,,,
,Dhankawadi,,3 bhk,3,1910,161.00,,,
,Deccan Gymkhana,,4 bhk,4,3252,230.00,,,
,Bibwewadi,,2 bhk,2,1200,65.00,,,
,Dhankawadi,,4 bhk,4,1200,175.00,,,
,Dhankawadi,,2 bhk,2,1175,82.00,,,
,Bibwewadi,,2 bhk,2,1000,165.00,,,
,Karve Nagar,,4 bhk,2,1200,125.00,,,
,Katraj,,3 bhk,3,2390,410.00,,,
,FC Road,,7 bhk,6,12000,2200.00,,,
,Katraj,,2 bhk,1,550,62.00,,,
,FC Road,,1 bhk,1,350,18.50,,,
,Bibwewadi,,2 bhk,2,1185,38.00,,,
,FC Road,,2 bhk,2,750,38.00,,,
,Swargate,,6 bhk,7,1200,250.00,,,
,Swargate,,3 bhk,3,1550,64.50,,,
,Swargate,,3 bhk,3,1760,88.00,,,
,Hadapsar,,2 bhk,2,1125,62.00,,,
,Sinhgad Road,,3 bhk,3,1350,150.00,,,
,Sinhgad Road,,2 bhk,2,1000,55.00,,,
,Koregaon Park,,2 bhk,2,1090,31.48,,,
,Swargate,,2 bhk,2,1200,60.00,,,
,Karve Nagar,,3 bhk,4,1991,103.00,,,
,Karve Nagar,,2 bhk,2,1060,26.50,,,
,AB Chowk,,2 bhk,2,1105,75.00,,,
,Katraj,,2 bhk,2,985,67.00,,,
,AB Chowk,,6 bhk,5,1533,85.00,,,
,AB Chowk,,3 bhk,3,1590,79.00,,,
,Dhankawadi,,2 bhk,2,1120,55.00,,,
,Kondhwa,,2 bhk,2,1069,55.00,,,
,Kondhwa,,3 bhk,3,1933,140.00,,,
,Kondhwa,,2 bhk,2,1194,69.00,,,
,Koregaon Park,,2 bhk,2,1150,69.00,,,
,Kothrud,,2 bhk,2,1240,47.12,,,
,Katraj,,2 bhk,2,1419,48.10,,,
,Shivaji Nagar,,8 bhk,8,1200,250.00,,,
,Katraj,,3 bhk,4,2150,240.00,,,
,Katraj,,3 bhk,3,1450,55.00,,,
,Katraj,,3 bhk,3,1630,68.29,,,
,Katraj,,2 bhk,1,708,40.00,,,
,Market yard,,3 bhk,4,1000,110.00,,,
,Model colony,,4 bhk,4,11890,700.00,,,
,Swargate,,2 bhk,2,1250,76.00,,,
,Swargate,,3 bhk,2,1400,95.00,,,
,Swargate,,3 bhk,2,1670,57.00,,,
,Swargate,,3 bhk,3,1750,100.00,,,
,Swargate,,2 bhk,2,1404,71.00,,,
,Balaji Nagar,,3 bhk,2,1715,95.00,,,
,Balaji Nagar,,1 bhk,1,630,34.65,,,
,Padmavati,,3 bhk,3,1752.12,135.00,,,
,Balaji Nagar,,3 bhk,3,1650,78.00,,,
,Swargate,,2 bhk,2,1295,55.47,,,
,Swargate,,3 bhk,3,1800,252.00,,,
,Swargate,,2 bhk,2,1346,74.03,,,
,Koregaon Park,,4 bhk,4,1200,200.00,,,
,Pune Railway Station,,2 bhk,2,1150,55.00,,,
,Koregaon Park,,4 bhk,4,3309,325.00,,,
,Koregaon Park,,3 bhk,2,1190,30.35,,,
,Koregaon Park,,3 bhk,3,1620,98.00,,,
,Sahakar Nagar,,2 bhk,2,950,46.96,,,
,Dhankawadi,,11 bhk,9,5000,360.00,,,
,Dhankawadi,,3 bhk,3,2450,120.00,,,
,Katraj,,3 bhk,2,1220,35.23,,,
,Sinhgad Road,,2 bhk,2,850,30.00,,,
,Shivaji Nagar,,2 bhk,2,1020,63.00,,,
,Shivaji Nagar,,2 bhk,2,1100,50.00,,,
,Shivaji Nagar,,2 bhk,2,1150,126.00,,,
,Sinhgad Road,,3 bhk,2,1760,130.00,,,
,Shivaji Nagar,,3 bhk,3,1800,110.00,,,
,Swargate,,2 bhk,2,1070,54.00,,,
,Shivaji Nagar,,4 bhk,4,1500,220.00,,,
,Shivaji Nagar,,2 bhk,2,1440,95.00,,,
,Shivaji Nagar,,2 bhk,2,900,40.00,,,
,Hadapsar,,4 bhk,4,1200,230.00,,,
,Shivaji Nagar,,2 bhk,2,1130,42.16,,,
,Shivaji Nagar,,2 bhk,2,1320,165.00,,,
,Hadapsar,,2 bhk,2,1270,98.00,,,
,Hadapsar,,2 bhk,2,1200,62.00,,,
,Koregaon Park,,4 bhk,4,4800,235.00,,,
,Sinhgad Road,,2 bhk,2,1200,74.00,,,
,Sinhgad Road,,2 bhk,2,929,50.17,,,
,Bibwewadi,,4 bhk,4,1150,260.00,,,
,Ambegaon,,4 bhk,4,1125,180.00,,,
,Ambegaon,,5 bhk,3,500,65.00,,,
,Amanora Town,,5 bhk,5,1200,190.00,,,
,Amanora Town,,3 bhk,3,1464,56.00,,,
,Balaji Nagar,,4 bhk,4,3600,400.00,,,
,Baner,,4 bhk,4,2000,99.00,,,
,Baner,,2 bhk,2,1208,49.00,,,
,Baner,,2 bhk,2,1130,60.00,,,
,Baner,,3 bhk,3,1753,120.00,,,
,Bibwewadi,,5 bhk,7,4500,337.00,,,
,Bibwewadi,,3 bhk,3,600,58.00,,,
,Budhwar Peth,,2 bhk,2,1196,94.42,,,
,Bund Garden,,2 bhk,3,1150,52.50,,,
,Camp,,2 bhk,2,1128,63.00,,,
,Bibwewadi,,2 bhk,2,1000,53.00,,,
,Dhankawadi,,2 bhk,2,1035,45.00,,,
,Deccan Gymkhana,,2 bhk,2,950,32.00,,,
,Bibwewadi,,3 bhk,2,1075,36.00,,,
,Dhankawadi,,2 bhk,2,1040,48.50,,,
,Dhankawadi,,2 bhk,2,720,45.00,,,
,Bibwewadi,,3 bhk,3,1511,95.00,,,
,Karve Nagar,,3 bhk,3,1300,58.00,,,
,Katraj,,3 bhk,3,1545,68.75,,,
,FC Road,,1 bhk,2,375,26.00,,,
,Katraj,,2 bhk,2,1062,38.00,,,
,FC Road,,2 bhk,2,1115,40.00,,,
,Bibwewadi,,2 bhk,2,1000,35.00,,,
,FC Road,,2 bhk,2,883,45.00,,,
,Swargate,,2 bhk,2,1195,70.00,,,
,Swargate,,4 bhk,3,1200,165.00,,,
,Swargate,,1 bhk,1,700,41.00,,,
,Hadapsar,,2 bhk,2,1246,67.00,,,
,Sinhgad Road,,4 bhk,4,660,90.00,,,
,Sinhgad Road,,4 bhk,4,8500,145.00,,,
,Koregaon Park,,4 bhk,4,1600,80.00,,,
,Swargate,,4 bhk,5,2805,154.00,,,
,Karve Nagar,,3 bhk,3,1584,65.00,,,
,Karve Nagar,,4 bhk,5,3000,275.00,,,
,AB Chowk,,3 bhk,2,1175,48.00,,,
,Katraj,,3 bhk,3,1595,115.00,,,
,AB Chowk,,2 bhk,2,1353,110.00,,,
,AB Chowk,,3 bhk,3,1599,125.00,,,
,Dhankawadi,,2 bhk,2,1150,70.00,,,
,Kondhwa,,4 bhk,6,5230,465.00,,,
,Kondhwa,,2 bhk,2,1155,42.74,,,
,Kondhwa,,1 bhk,2,1200,85.00,,,
,Koregaon Park,,2 bhk,2,1000,25.00,,,
,Kothrud,,4 bhk,4,3000,120.00,,,
,Katraj,,3 bhk,3,1867,160.00,,,
,Shivaji Nagar,,2 bhk,2,1251,47.00,,,
,Katraj,,2 bhk,2,1028,45.50,,,
,Katraj,,2 bhk,2,1222,45.00,,,
,Katraj,,3 bhk,2,1170,66.00,,,
,Katraj,,3 bhk,4,2400,245.00,,,
,Market yard,,3 bhk,2,1385,48.48,,,
,Model colony,,2 bhk,2,1372,68.00,,,
,Swargate,,3 bhk,2,1282,49.00,,,
,Swargate,,9 bhk,9,5000,210.00,,,
,Swargate,,5 bhk,3,3000,528.00,,,
,Swargate,,2 bhk,2,1135,39.73,,,
,Swargate,,3 bhk,3,1768,101.00,,,
,Balaji Nagar,,3 bhk,2,1325,90.00,,,
,Balaji Nagar,,3 bhk,3,1599,99.00,,,
,Padmavati,,3 bhk,3,1500,61.95,,,
,Balaji Nagar,,3 bhk,3,2610,499.00,,,
,Swargate,,2 bhk,2,1286,63.00,,,
,Swargate,,5 bhk,5,2845,140.00,,,
,Swargate,,3 bhk,2,1600,50.00,,,
,Koregaon Park,,2 bhk,2,1000,63.77,,,
,Pune Railway Station,,3 bhk,5,3450,260.00,,,
,Koregaon Park,,2 bhk,2,1102,53.67,,,
,Koregaon Park,,2 bhk,2,1350,54.00,,,
,Koregaon Park,,3 bhk,2,1200,42.00,,,
,Sahakar Nagar,,6 bhk,6,1300,145.00,,,
,Dhankawadi,,2 bhk,1,1800,80.00,,,
,Dhankawadi,,2 bhk,2,950,40.00,,,
,Katraj,,1 bhk,1,525,27.25,,,
,Sinhgad Road,,2 bhk,2,656,25.00,,,
,Shivaji Nagar,,4 bhk,4,1780,175.00,,,
,Shivaji Nagar,,2 bhk,2,1056,80.00,,,
,Shivaji Nagar,,1 bhk,1,595,33.32,,,
,Sinhgad Road,,2 bhk,2,1080,50.00,,,
,Shivaji Nagar,,3 bhk,3,2225,160.00,,,
,Swargate,,2 bhk,2,1126,28.15,,,
,Shivaji Nagar,,3 bhk,3,1490,84.00,,,
,Shivaji Nagar,,4 bhk,4,2000,300.00,,,
,Shivaji Nagar,,3 bhk,3,1550,100.00,,,
,Hadapsar,,3 bhk,3,1600,86.00,,,
,Shivaji Nagar,,2 bhk,2,1160,55.00,,,
,Shivaji Nagar,,4 bhk,4,4144,315.00,,,
,Hadapsar,,3 bhk,3,2100,125.00,,,
,Hadapsar,,2 bhk,2,1404,69.30,,,
,Koregaon Park,,4 bhk,4,2230,225.00,,,
,Sinhgad Road,,3 bhk,3,1544,120.00,,,
,Sinhgad Road,,3 bhk,2,1305,58.70,,,
,Bibwewadi,,2 bhk,2,1230,80.00,,,
,Ambegaon,,2 bhk,2,1200,65.00,,,
,Ambegaon,,3 bhk,3,1460,73.00,,,
,Amanora Town,,,,1200 - 2400,34.19,,,
,Amanora Town,,2 bhk,2,967,45.00,,,
,Balaji Nagar,,1 bhk,1,540,36.00,,,
,Baner,,1 bhk,1,715,46.00,,,
,Baner,,3 bhk,3,2500,313.00,,,
,Baner,,3 bhk,3,1578,180.00,,,
,Baner,,2 bhk,2,1020,48.95,,,
,Bibwewadi,,2 bhk,2,1020,40.00,,,
,Bibwewadi,,2 bhk,2,1253,102.00,,,
,Budhwar Peth,,2 bhk,2,1180,42.00,,,
,Bund Garden,,2 bhk,2,961,38.00,,,
,Camp,,3 bhk,3,1419,75.00,,,
,Bibwewadi,,3 bhk,3,1709,150.00,,,
,Dhankawadi,,2 bhk,2,1600,115.00,,,
,Deccan Gymkhana,,1 bhk,1,416,18.50,,,
,Bibwewadi,,2 bhk,2,1100,98.00,,,
,Dhankawadi,,3 bhk,2,1430,65.00,,,
,Dhankawadi,,2 bhk,2,1260,45.00,,,
,Bibwewadi,,3 bhk,3,1630,85.00,,,
,Karve Nagar,,3 bhk,3,1249,44.71,,,
,Katraj,,3 bhk,2,1450,85.00,,,
,FC Road,,3 bhk,3,2791,223.00,,,
,Katraj,,1 bhk,1,600,90.00,,,
,FC Road,,1 bhk,1,834,60.00,,,
,Bibwewadi,,3 bhk,4,1125,70.00,,,
,FC Road,,3 bhk,3,2060,140.00,,,
,Swargate,,7 bhk,7,12000,2200.00,,,
,Swargate,,2 bhk,2,891,25.00,,,
,Swargate,,2 bhk,2,1133,49.07,,,
,Hadapsar,,3 bhk,2,1075,37.00,,,
,Sinhgad Road,,4 bhk,5,3000,260.00,,,
,Sinhgad Road,,4 bhk,5,2440,425.00,,,
,Koregaon Park,,2 bhk,2,1200,55.00,,,
,Swargate,,2 bhk,2,1075,45.80,,,
,Karve Nagar,,2 bhk,2,1140,40.00,,,
,Karve Nagar,,5 bhk,4,940,150.00,,,
,AB Chowk,,6 bhk,5,2160,250.00,,,
,Katraj,,2 bhk,2,1090,42.00,,,
,AB Chowk,,4 bhk,4,1500,70.00,,,
,AB Chowk,,4 bhk,4,4104,360.00,,,
,Dhankawadi,,3 bhk,3,1790,100.00,,,
,Kondhwa,,3 bhk,3,1920,134.00,,,
,Kondhwa,,2 bhk,2,1374,95.00,,,
,Kondhwa,,3 bhk,3,1445,95.00,,,
,Koregaon Park,,1 bhk,1,711,36.00,,,
,Kothrud,,3 bhk,3,1500,95.00,,,
,Katraj,,3 bhk,3,1720,100.00,,,
,Shivaji Nagar,,3 bhk,3,1400,60.00,,,
,Katraj,,2 bhk,2,1030,49.00,,,
,Katraj,,2 bhk,2,1200,85.00,,,
,Katraj,,3 bhk,3,1375,70.00,,,
,Katraj,,2 bhk,1,1050,56.00,,,
,Market yard,,3 bhk,3,2250,160.00,,,
,Model colony,,2 bhk,2,1000,50.00,,,
,Swargate,,1 bhk,1,469,25.00,,,
,Swargate,,4 bhk,4,3800,250.00,,,
,Swargate,,2 bhk,2,883,29.00,,,
,Swargate,,3 bhk,2,1820,86.00,,,
,Swargate,,3 bhk,2,1440,65.00,,,
,Balaji Nagar,,6 bhk,4,3600,160.00,,,
,Balaji Nagar,,4 bhk,5,2500,325.00,,,
,Padmavati,,2 bhk,2,1225,48.00,,,
,Balaji Nagar,,3 bhk,3,4000,660.00,,,
,Swargate,,2 bhk,2,875,52.80,,,
,Swargate,,1 bhk,1,750,40.00,,,
,Swargate,,2 bhk,2,1180,80.00,,,
,Koregaon Park,,2 bhk,2,1194,47.00,,,
,Pune Railway Station,,3 bhk,2,1500,62.00,,,
,Koregaon Park,,2 bhk,2,1160,52.20,,,
,Koregaon Park,,9 bhk,9,4125,265.00,,,
,Koregaon Park,,3 bhk,3,2378,262.00,,,
,Sahakar Nagar,,2 bhk,2,1128,60.00,,,
,Dhankawadi,,3 bhk,3,1500,150.00,,,
,Dhankawadi,,3 bhk,2,1220,35.23,,,
,Katraj,,2 bhk,2,1210,58.00,,,
,Sinhgad Road,,3 bhk,2,1100,58.00,,,
,Shivaji Nagar,,3 bhk,3,1200,46.00,,,
,Shivaji Nagar,,4 bhk,5,3385,260.00,,,
,Shivaji Nagar,,3 bhk,3,1641,66.00,,,
,Sinhgad Road,,2 bhk,2,1200,45.00,,,
,Shivaji Nagar,,2 bhk,2,1260,67.39,,,
,Swargate,,3 bhk,3,1720,78.00,,,
,Shivaji Nagar,,2 bhk,2,1120 - 1145,48.13,,,
,Shivaji Nagar,,2 bhk,2,1210,45.98,,,
,Shivaji Nagar,,4 bhk,4,2200,200.00,,,
,Hadapsar,,3 bhk,2,1075,45.00,,,
,Shivaji Nagar,,3 bhk,3,1702,130.00,,,
,Shivaji Nagar,,2 bhk,2,1630,200.00,,,
,Hadapsar,,2 bhk,2,1141,38.55,,,
,Hadapsar,,3 bhk,3,2072,108.00,,,
,Koregaon Park,,5 bhk,,4400 - 6640,375.00,,,
,Sinhgad Road,,3 bhk,2,1200,70.00,,,
,Sinhgad Road,,3 bhk,3,1350,77.00,,,
,Bibwewadi,,4 bhk,4,3090 - 5002,445.00,,,
,Ambegaon,,3 bhk,2,1180,78.34,,,
,Ambegaon,,3 bhk,3,35000,130.00,,,
,Amanora Town,,2 bhk,2,1355,115.00,,,
,Amanora Town,,1 bhk,1,600,50.00,,,
,Balaji Nagar,,7 bhk,7,1200,150.00,,,
,Baner,,3 bhk,2,1640,120.00,,,
,Baner,,5 bhk,5,1200,100.00,,,
,Baner,,3 bhk,2,1190,57.00,,,
,Baner,,4 bhk,4,2400,375.00,,,
,Bibwewadi,,2 bhk,2,1019,49.85,,,
,Bibwewadi,,3 bhk,3,1875,165.00,,,
,Budhwar Peth,,3 bhk,3,1250,40.00,,,
,Bund Garden,,3 bhk,3,1200,140.00,,,
,Camp,,2 bhk,2,1140,56.00,,,
,Bibwewadi,,3 bhk,3,1683,109.00,,,
,Dhankawadi,,3 bhk,3,1515,83.30,,,
,Deccan Gymkhana,,4 bhk,4,2118,111.00,,,
,Bibwewadi,,4 bhk,3,1380,58.00,,,
,Dhankawadi,,2 bhk,2,1083,61.75,,,
,Dhankawadi,,2 bhk,2,600,55.00,,,
,Bibwewadi,,3 bhk,3,2300,120.00,,,
,Karve Nagar,,2 bhk,2,1240,60.00,,,
,Katraj,,3 bhk,3,1750,120.00,,,
,FC Road,,2 bhk,2,1230,43.48,,,
,Katraj,,3 bhk,3,1500,139.00,,,
,FC Road,,2 bhk,2,985,40.39,,,
,Bibwewadi,,3 bhk,2,1500,87.00,,,
,FC Road,,2 bhk,2,1125,32.49,,,
,Swargate,,2 bhk,2,950,44.00,,,
,Swargate,,5 bhk,,4400 - 6800,548.50,,,
,Swargate,,3 bhk,3,1580,76.00,,,
,Hadapsar,,3 bhk,2,1092,98.50,,,
,Sinhgad Road,,2 bhk,2,1090,28.34,,,
,Sinhgad Road,,3 bhk,3,2264,159.00,,,
,Koregaon Park,,3 bhk,2,1033,25.53,,,
,Swargate,,2 bhk,2,810,24.50,,,
,Karve Nagar,,2 bhk,2,1045,45.00,,,
,Karve Nagar,,2 bhk,2,1337,82.00,,,
,AB Chowk,,2 bhk,2,1200,32.00,,,
,Katraj,,3 bhk,3,1580,160.00,,,
,AB Chowk,,3 bhk,2,1500,54.00,,,
,AB Chowk,,3 bhk,4,1640,91.00,,,
,Dhankawadi,,3 bhk,3,1570,62.00,,,
,Kondhwa,,3 bhk,2,1470,82.00,,,
,Kondhwa,,2 bhk,2,1160,40.61,,,
,Kondhwa,,2 bhk,2,1050,71.00,,,
,Koregaon Park,,3 bhk,3,1855,225.00,,,
,Kothrud,,3 bhk,2,1460,90.00,,,
,Katraj,,3 bhk,3,1823,100.00,,,
,Shivaji Nagar,,2 bhk,2,1094,42.00,,,
,Katraj,,2 bhk,2,1153,57.00,,,
,Katraj,,3 bhk,3,1325,57.00,,,
,Katraj,,4 bhk,3,1200,85.00,,,
,Katraj,,3 bhk,2,1590,125.00,,,
,Market yard,,5 bhk,4,1210,160.00,,,
,Model colony,,4 bhk,4,1200,220.00,,,
,Swargate,,2 bhk,2,1202,48.00,,,
,Swargate,,2 bhk,2,1202,53.00,,,
,Swargate,,2 bhk,2,1200,62.50,,,
,Swargate,,3 bhk,3,1688,118.00,,,
,Swargate,,2 bhk,2,1020,52.00,,,
,Balaji Nagar,,2 bhk,2,1185,47.00,,,
,Balaji Nagar,,2 bhk,2,1235,52.04,,,
,Padmavati,,4 bhk,5,3205,500.00,,,
,Balaji Nagar,,2 bhk,2,1077,37.64,,,
,Swargate,,3 bhk,2,1415,66.00,,,
,Swargate,,3 bhk,3,2330,162.00,,,
,Swargate,,2 bhk,2,805,35.00,,,
,Koregaon Park,,1 bhk,1,425,20.03,,,
,Pune Railway Station,,2 bhk,2,1155,59.95,,,
,Koregaon Park,,4 bhk,4,5270,1250.00,,,
,Koregaon Park,,2 bhk,2,656,22.00,,,
,Koregaon Park,,2 bhk,2,1100,48.00,,,
,Sahakar Nagar,,2 bhk,2,1150,52.00,,,
,Dhankawadi,,1 bhk,1,600,60.00,,,
,Dhankawadi,,2 bhk,2,1468,140.00,,,
,Katraj,,4 bhk,5,4300,550.00,,,
,Sinhgad Road,,3 bhk,4,2280,126.00,,,
,Shivaji Nagar,,2 bhk,2,1341,97.00,,,
,Shivaji Nagar,,2 bhk,2,1279,77.00,,,
,Shivaji Nagar,,4 bhk,4,2225,98.88,,,
,Sinhgad Road,,2 bhk,2,1185,43.51,,,
,Shivaji Nagar,,3 bhk,3,1750,85.00,,,
,Swargate,,2 bhk,2,1152,53.50,,,
,Shivaji Nagar,,5 bhk,4,1000,160.00,,,
,Shivaji Nagar,,2 bhk,2,1300,36.00,,,
,Shivaji Nagar,,4 bhk,4,2760,155.00,,,
,Hadapsar,,2 bhk,2,1070,39.00,,,
,Shivaji Nagar,,2 bhk,2,1101,45.00,,,
,Shivaji Nagar,,2 bhk,2,775,55.00,,,
,Hadapsar,,1 bhk,1,667,36.85,,,
,Hadapsar,,2 bhk,2,1070,55.00,,,
,Koregaon Park,,3 bhk,2,1875,110.00,,,
,Sinhgad Road,,2 bhk,2,735,57.99,,,
,Sinhgad Road,,5 bhk,4,4360,90.00,,,
,Bibwewadi,,3 bhk,3,1750,130.00,,,
,Ambegaon,,2 bhk,2,1215,67.00,,,
,Ambegaon,,9 bhk,9,600,190.00,,,
,Amanora Town,,2 bhk,2,820,30.00,,,
,Amanora Town,,2 bhk,2,1160 - 1195,59.94,,,
,Balaji Nagar,,3 bhk,3,1779,89.61,,,
,Baner,,2 bhk,2,1105,58.00,,,
,Baner,,1 bhk,2,1000,93.00,,,
,Baner,,3 bhk,3,1650,60.00,,,
,Baner,,2 bhk,2,1694,150.00,,,
,Bibwewadi,,3 bhk,3,2376,203.00,,,
,Bibwewadi,,3 bhk,3,1975,150.00,,,
,Budhwar Peth,,2 bhk,2,674,33.00,,,
,Bund Garden,,2 bhk,2,1185,41.00,,,
,Camp,,1 RK,1,445,28.00,,,
,Bibwewadi,,6 bhk,7,900,76.00,,,
,Dhankawadi,,3 bhk,3,1475,75.00,,,
,Deccan Gymkhana,,3 bhk,3,1618,82.50,,,
,Bibwewadi,,2 bhk,2,1120,65.00,,,
,Dhankawadi,,4 bhk,3,2181,152.00,,,
,Dhankawadi,,4 bhk,4,1200,90.00,,,
,Bibwewadi,,6 bhk,4,600,65.00,,,
,Karve Nagar,,3 bhk,2,1556,59.13,,,
,Katraj,,2 bhk,2,1179,66.02,,,
,FC Road,,2 bhk,2,1296,83.00,,,
,Katraj,,2 bhk,2,1275,52.00,,,
,FC Road,,7 bhk,2,1875,300.00,,,
,Bibwewadi,,3 bhk,2,1400,77.00,,,
,FC Road,,2 bhk,2,1222,63.00,,,
,Swargate,,2 bhk,2,940,41.00,,,
,Swargate,,2 bhk,2,1185,42.60,,,
,Swargate,,3 bhk,3,1779,112.00,,,
,Hadapsar,,3 bhk,3,1615,59.76,,,
,Sinhgad Road,,4 bhk,,4000 - 5249,453.00,,,
,Sinhgad Road,,2 bhk,2,1056,61.00,,,
,Koregaon Park,,2 bhk,2,1100,46.00,,,
,Swargate,,2 bhk,2,920,40.00,,,
,Karve Nagar,,3 bhk,2,1602,75.00,,,
,Karve Nagar,,2 bhk,2,1176,62.00,,,
,AB Chowk,,4 bhk,3,675,59.00,,,
,Katraj,,3 bhk,3,1352,135.00,,,
,AB Chowk,,3 bhk,3,1717,99.00,,,
,AB Chowk,,4 bhk,4,10961,80.00,,,
,Dhankawadi,,4 bhk,4,2119,111.00,,,
,Kondhwa,,2 bhk,2,1246,67.30,,,
,Kondhwa,,2 bhk,2,1141,42.79,,,
,Kondhwa,,2 bhk,2,1157,84.00,,,
,Koregaon Park,,2 bhk,2,1025,27.68,,,
,Kothrud,,1 bhk,1,650,33.00,,,
,Katraj,,2 bhk,2,1349,98.00,,,
,Shivaji Nagar,,3 bhk,3,1566,83.30,,,
,Katraj,,4 bhk,3,2830,195.00,,,
,Katraj,,3 bhk,2,1320,38.13,,,
,Katraj,,3 bhk,3,1780,84.83,,,
,Katraj,,2 bhk,2,1091,34.90,,,
,Market yard,,4 bhk,4,3670,300.00,,,
,Model colony,,2 bhk,2,918,50.49,,,
,Swargate,,4 bhk,4,1950,130.00,,,
,Swargate,,3 bhk,3,1695,90.00,,,
,Swargate,,3 bhk,3,1705,95.00,,,
,Swargate,,3 bhk,3,1375,75.00,,,
,Swargate,,1 bhk,1,525,30.00,,,
,Balaji Nagar,,2 bhk,2,1447,83.00,,,
,Balaji Nagar,,2 bhk,2,1114,39.00,,,
,Padmavati,,3 bhk,2,1450,100.00,,,
,Balaji Nagar,,2 bhk,1,460,15.00,,,
,Swargate,,2 bhk,2,1022,40.00,,,
,Swargate,,2 bhk,2,1000,45.00,,,
,Swargate,,2 bhk,2,1128,68.75,,,
,Koregaon Park,,2 bhk,2,1180,57.00,,,
,Pune Railway Station,,6 bhk,6,1000,69.00,,,
,Koregaon Park,,2 bhk,2,1200,150.00,,,
,Koregaon Park,,3 bhk,3,3761,660.00,,,
,Koregaon Park,,2 bhk,2,1339,75.00,,,
,Sahakar Nagar,,3 bhk,2,1400,55.00,,,
,Dhankawadi,,2 bhk,2,1040,39.52,,,
,Dhankawadi,,2 bhk,2,1198,58.00,,,
,Katraj,,4 bhk,3,1200,95.00,,,
,Sinhgad Road,,3 bhk,3,1691,113.00,,,
,Shivaji Nagar,,3 bhk,3,1075,36.00,,,
,Shivaji Nagar,,3 bhk,3,1630,194.00,,,
,Shivaji Nagar,,3 bhk,3,1240,43.50,,,
,Sinhgad Road,,2 bhk,2,1115 - 1130,58.94,,,
,Shivaji Nagar,,3 bhk,3,1665,86.58,,,
,Swargate,,3 bhk,3,2489,94.00,,,
,Shivaji Nagar,,2 bhk,2,1142,70.00,,,
,Shivaji Nagar,,3 bhk,3,1976,184.00,,,
,Shivaji Nagar,,4 bhk,4,5500,600.00,,,
,Hadapsar,,3 bhk,3,1853,82.00,,,
,Shivaji Nagar,,8 bhk,4,600,72.00,,,
,Shivaji Nagar,,2 bhk,2,1567,92.00,,,
,Hadapsar,,2 bhk,2,1090,27.24,,,
,Hadapsar,,6 bhk,4,1200,125.00,,,
,Koregaon Park,,4 bhk,4,2400,640.00,,,
,Sinhgad Road,,2 bhk,2,1175,51.47,,,
,Sinhgad Road,,2 bhk,2,1200,52.00,,,
,Bibwewadi,,2 bhk,2,995,41.00,,,
,Ambegaon,,2 bhk,2,884,41.10,,,
,Ambegaon,,5 bhk,3,900,80.00,,,
,Amanora Town,,2 bhk,2,1170,57.00,,,
,Amanora Town,,2 bhk,2,1225,46.55,,,
,Balaji Nagar,,2 bhk,2,1342,73.30,,,
,Baner,,2 bhk,2,1345,67.00,,,
,Baner,,3 bhk,3,1320,65.00,,,
,Baner,,2 bhk,2,1600,45.00,,,
,Baner,,2 bhk,2,1140,49.39,,,
,Bibwewadi,,2 bhk,2,1300,50.00,,,
,Bibwewadi,,3 bhk,3,1652,85.00,,,
,Budhwar Peth,,3 bhk,4,2072,142.00,,,
,Bund Garden,,3 bhk,2,1740,95.00,,,
,Camp,,3 bhk,2,1360,71.00,,,
,Bibwewadi,,3 bhk,2,1145,60.00,,,
,Dhankawadi,,3 bhk,2,1540,40.00,,,
,Deccan Gymkhana,,2 bhk,2,1278,95.00,,,
,Bibwewadi,,1 bhk,1,630,40.00,,,
,Dhankawadi,,3 bhk,3,1100,58.00,,,
,Dhankawadi,,3 bhk,3,1200,95.00,,,
,Bibwewadi,,7 bhk,6,2500,115.00,,,
,Karve Nagar,,1 bhk,1,520 - 645,15.14,,,
,Katraj,,2 bhk,2,1015,25.88,,,
,FC Road,,5 bhk,5,3300,240.00,,,
,Katraj,,5 bhk,5,4500,415.00,,,
,FC Road,,3 bhk,2,1356,66.00,,,
,Bibwewadi,,2 bhk,2,823,28.00,,,
,FC Road,,3 bhk,2,1200,66.00,,,
,Swargate,,2 bhk,2,1050,37.00,,,
,Swargate,,2 bhk,2,1180,69.00,,,
,Swargate,,2 bhk,2,1116,51.91,,,
,Hadapsar,,2 bhk,2,1070,42.79,,,
,Sinhgad Road,,2 bhk,2,1385,80.00,,,
,Sinhgad Road,,1 bhk,1,1000,70.00,,,
,Koregaon Park,,3 bhk,3,1897,130.00,,,
,Swargate,,2 bhk,2,1005,55.78,,,
,Karve Nagar,,3 bhk,3,1575,125.00,,,
,Karve Nagar,,2 bhk,2,975,65.00,,,
,AB Chowk,,3 bhk,3,1904,120.00,,,
,Katraj,,1 bhk,1,930,30.00,,,
,AB Chowk,,1 bhk,1,525,26.00,,,
,AB Chowk,,1 bhk,1,686,17.00,,,
,Dhankawadi,,2 bhk,3,2400,150.00,,,
,Kondhwa,,2 bhk,1,1410,233.00,,,
,Kondhwa,,3 bhk,3,2238,140.00,,,
,Kondhwa,,2 bhk,2,1174,69.00,,,
,Koregaon Park,,4 bhk,4,3800,239.00,,,
,Kothrud,,3 bhk,2,2225,125.00,,,
,Katraj,,2 bhk,2,1250,200.00,,,
,Shivaji Nagar,,2 bhk,2,918,52.00,,,
,Katraj,,2 bhk,2,1250,52.00,,,
,Katraj,,3 bhk,3,1800,110.00,,,
,Katraj,,2 bhk,2,1170,53.00,,,
,Katraj,,1 bhk,1,1300,200.00,,,
,Market yard,,2 bhk,2,793,45.00,,,
,Model colony,,3 bhk,3,1710,107.00,,,
,Swargate,,3 bhk,2,1082,57.50,,,
,Swargate,,2 bhk,2,1001,33.03,,,
,Swargate,,4 bhk,4,1500,180.00,,,
,Swargate,,3 bhk,2,1590,54.00,,,
,Swargate,,3 bhk,2,2400,80.00,,,
,Balaji Nagar,,3 bhk,3,1554,55.00,,,
,Balaji Nagar,,2 bhk,2,1000 - 1285,43.42,,,
,Padmavati,,5 bhk,5,4239,423.00,,,
,Balaji Nagar,,2 bhk,1,884,58.00,,,
,Swargate,,2 bhk,2,1045,98.89,,,
,Swargate,,2 bhk,2,1019,49.86,,,
,Swargate,,3 bhk,4,1935,130.00,,,
,Koregaon Park,,3 bhk,2,1135,39.73,,,
,Pune Railway Station,,3 bhk,3,1680,150.00,,,
,Koregaon Park,,4 bhk,5,2470,247.00,,,
,Koregaon Park,,4 bhk,4,2825,250.00,,,
,Koregaon Park,,3 bhk,3,2480,330.00,,,
,Sahakar Nagar,,9 bhk,11,1260,290.00,,,
,Dhankawadi,,5 bhk,4,1800,187.00,,,
,Dhankawadi,,3 bhk,3,1799,90.00,,,
,Katraj,,4 bhk,,3606 - 5091,304.00,,,
,Sinhgad Road,,1 bhk,1,400,11.00,,,
,Shivaji Nagar,,2 bhk,2,1047,82.00,,,
,Shivaji Nagar,,2 bhk,2,1282,87.00,,,
,Shivaji Nagar,,2 bhk,2,1020,45.90,,,
,Sinhgad Road,,4 bhk,3,1080,155.00,,,
,Shivaji Nagar,,2 bhk,2,1495,79.50,,,
,Swargate,,4 bhk,4,3260,240.00,,,
,Shivaji Nagar,,3 bhk,2,1611,64.44,,,
,Shivaji Nagar,,4 bhk,5,3500,425.00,,,
,Shivaji Nagar,,3 bhk,2,1500,95.00,,,
,Hadapsar,,3 bhk,2,1500,95.00,,,
,Shivaji Nagar,,4 bhk,5,3206,270.00,,,
,Shivaji Nagar,,3 bhk,3,1540,50.00,,,
,Hadapsar,,3 bhk,3,1639,80.00,,,
,Hadapsar,,4 bhk,4,700,72.00,,,
,Koregaon Park,,2 bhk,2,1303,55.79,,,
,Sinhgad Road,,2 bhk,1,1005,110.00,,,
,Sinhgad Road,,1 bhk,1,650 - 665,18.41,,,
,Bibwewadi,,3 bhk,3,1305,33.28,,,
,Ambegaon,,3 bhk,4,600,95.00,,,
,Ambegaon,,2 bhk,1,1300,115.00,,,
,Amanora Town,,3 bhk,2,1440,68.00,,,
,Amanora Town,,2 bhk,2,901,35.14,,,
,Balaji Nagar,,3 bhk,3,1725,200.00,,,
,Baner,,3 bhk,2,900,42.00,,,
,Baner,,2 bhk,2,1060,55.00,,,
,Baner,,2 bhk,2,1020,48.45,,,
,Baner,,3 bhk,3,1535,65.99,,,
,Bibwewadi,,1 bhk,1,530,20.00,,,
,Bibwewadi,,3 bhk,3,1464,56.00,,,
,Budhwar Peth,,2 bhk,2,1350,80.00,,,
,Bund Garden,,2 bhk,2,1115,50.00,,,
,Camp,,2 bhk,2,1175,47.00,,,
,Bibwewadi,,2 bhk,2,1113,62.00,,,
,Dhankawadi,,6 bhk,4,1200,225.00,,,
,Deccan Gymkhana,,5 bhk,4,1640,240.00,,,
,Bibwewadi,,2 bhk,2,650,42.00,,,
,Dhankawadi,,2 bhk,2,1325,71.55,,,
,Dhankawadi,,2 bhk,2,950,31.00,,,
,Bibwewadi,,3 bhk,2,1396,86.51,,,
,Karve Nagar,,2 bhk,2,1050,52.07,,,
,Katraj,,3 bhk,3,1825,100.00,,,
,FC Road,,2 bhk,2,1190,49.98,,,
,Katraj,,2 bhk,2,1220,56.50,,,
,FC Road,,3 bhk,2,1565,75.00,,,
,Bibwewadi,,3 bhk,3,1891,109.00,,,
,FC Road,,2 bhk,2,900,27.00,,,
,Swargate,,2 bhk,2,1161,55.15,,,
,Swargate,,1 bhk,1,633 - 666,17.54,,,
,Swargate,,8 bhk,6,2400,125.00,,,
,Hadapsar,,4 bhk,4,315,90.00,,,
,Sinhgad Road,,1 bhk,1,665,36.85,,,
,Sinhgad Road,,2 bhk,2,1175,73.50,,,
,Koregaon Park,,2 bhk,2,1425,80.00,,,
,Swargate,,1 bhk,1,1200,20.00,,,
,Karve Nagar,,3 bhk,3,1200,56.12,,,
,Karve Nagar,,2 bhk,2,1255,67.00,,,
